date,payems,gdpc1,cpiaucsl,unrate,houst,indpro,dspic96,cpilfesl,pcepilfe,pcepi,permit,ulcnfb,a261rx1q020sbea
2022-01-01,NA,NA,NA,NA,NA,NA,NA,NA,NA,NA,NA,NA,NA
2021-12-01,148951,19805.962,280.192,3.9,1702,101.8926,15367.3,284.759,120.047,118.715,1885,NA,NA
2021-11-01,148752,NA,278.88,4.2,1678,101.997,15402.5,283.201,119.452,118.186,1717,NA,NA
2021-10-01,148503,NA,276.724,4.6,1552,101.2503,15432.6,281.695,118.881,117.45,1653,NA,NA
2021-09-01,147855,19478.893,274.138,4.7,1550,100.0168,15458.1,280.017,118.357,116.693,1586,122.713,19983.597
2021-08-01,147476,NA,273.012,5.2,1573,101.0025,15712.4,279.338,118.073,116.29,1721,NA,NA
2021-07-01,146993,NA,272.265,5.4,1562,101.1676,15729.1,279.054,117.704,115.847,1630,NA,NA
2021-06-01,145902,19368.31,270.981,5.9,1657,100.4704,15603.3,278.14,117.327,115.388,1594,119.941,19701.91
2021-05-01,144940,NA,268.551,5.8,1594,99.9226,15669.5,275.718,116.766,114.767,1683,NA,NA
2021-04-01,144326,NA,266.832,6,1514,99.2416,16146.9,273.7,116.1,114.161,1733,NA,NA
2021-03-01,144057,19055.655,264.793,6,1725,99.1618,19119.5,271.214,115.383,113.518,1755,118.233,19496.35
2021-02-01,143272,NA,263.161,6.2,1447,96.3966,15548.2,270.299,114.899,112.878,1726,NA,NA
2021-01-01,142736,NA,262.231,6.4,1625,99.4076,16988.6,270.025,114.746,112.57,1883,NA,NA
2020-12-01,142503,18767.778,261.56,6.7,1661,98.2854,15393.8,269.94,114.494,112.22,1758,119.069,19200.302
2020-11-01,142809,NA,260.927,6.7,1551,97.1609,15366.5,269.819,114.134,111.79,1696,NA,NA
2020-10-01,142545,NA,260.462,6.9,1514,96.6454,15568.4,269.35,114.137,111.775,1595,NA,NA
2020-09-01,141865,18560.774,260.149,7.9,1448,95.6019,15643.4,269.155,114.131,111.736,1589,115.398,18358.788
2020-08-01,141149,NA,259.511,8.4,1376,95.8924,15553.9,268.654,113.971,111.563,1522,NA,NA
2020-07-01,139566,NA,258.604,10.2,1497,94.8887,16151.9,267.722,113.61,111.221,1542,NA,NA
2020-06-01,137840,17258.205,257.282,11,1273,91.1622,16057.3,266.282,113.265,110.918,1296,118.445,17384.7
2020-05-01,132994,NA,255.942,13.2,1046,85.8434,16333,265.637,112.864,110.385,1246,NA,NA
2020-04-01,130161,NA,256.192,14.7,938,84.2018,17170.7,265.836,112.628,110.213,1094,NA,NA
2020-03-01,150840,18951.992,257.989,4.4,1277,97.4477,14844,266.82,113.15,110.802,1382,115.576,19194.178
2020-02-01,152523,NA,258.824,3.5,1589,101.32470000000001,15068.8,266.876,113.215,111.071,1478,NA,NA
2020-01-01,152234,NA,258.687,3.5,1589,101.0918,14976.5,266.306,113.04,111.002,1550,NA,NA
2019-12-01,151919,19202.31,258.203,3.6,1547,101.6179,14844.1,265.651,112.824,110.789,1453,112.523,19233.632
2019-11-01,151758,NA,257.989,3.6,1350,101.9876,14885.9,265.427,112.576,110.568,1509,NA,NA
2019-10-01,151524,NA,257.387,3.6,1318,101.4645,14821.4,265.026,112.54,110.479,1509,NA,NA
2019-09-01,151329,19112.653,256.532,3.5,1285,102.3143,14807.9,264.603,112.367,110.215,1439,111.553,19092.082
2019-08-01,151108,NA,256.118,3.7,1371,102.6882,14777.8,264.151,112.289,110.133,1479,NA,NA
2019-07-01,150913,NA,255.925,3.7,1224,102.0568,14703.7,263.616,112.15,110.074,1369,NA,NA
2019-06-01,150720,18982.528,255.423,3.6,1237,102.384,14686.4,263.117,111.997,109.92,1276,111.7,19047.023
2019-05-01,150545,NA,255.371,3.6,1303,102.4519,14673.5,262.384,111.744,109.827,1337,NA,NA
2019-04-01,150482,NA,255.326,3.6,1282,102.2543,14678,262.05,111.607,109.759,1337,NA,NA
2019-03-01,150263,18833.195,254.147,3.8,1203,102.8635,14732.5,261.339,111.254,109.333,1316,112.499,19007.198
2019-02-01,150095,NA,252.969,3.8,1142,102.728,14742.1,260.722,111.096,109.036,1304,NA,NA
2019-01-01,150145,NA,252.441,4,1244,103.3023,14714.3,260.419,111.06,108.93,1295,NA,NA
2018-12-01,149908,18721.281,252.493,3.9,1095,103.867,14719.3,259.873,111.006,108.99,1338,110.983,18900.809
2018-11-01,149668,NA,252.822,3.8,1183,103.9127,14550.4,259.415,110.838,109.023,1318,NA,NA
2018-10-01,149576,NA,252.899,3.8,1208,103.9874,14527.7,258.989,110.641,108.947,1275,NA,NA
2018-09-01,149364,18679.599,252.183,3.7,1238,104.1315,14498.8,258.534,110.475,108.72,1289,110.543,18828.526
2018-08-01,149259,NA,251.735,3.8,1288,104.1659,14509.6,258.08,110.247,108.491,1264,NA,NA
2018-07-01,149030,NA,251.345,3.8,1193,103.5474,14467,257.93,110.238,108.427,1328,NA,NA
2018-06-01,148881,18590.004,251.152,4,1199,103.3045,14416.2,257.534,110.106,108.341,1320,109.438,18594.431
2018-05-01,148667,NA,250.786,3.8,1354,102.5408,14373.2,257.157,109.969,108.203,1331,NA,NA
2018-04-01,148397,NA,250.275,4,1285,103.4095,14329.5,256.656,109.752,108.008,1391,NA,NA
2018-03-01,148244,18436.262,249.517,4,1327,102.298,14298.3,256.117,109.542,107.744,1407,109.556,18557.669
2018-02-01,148049,NA,249.3,4.1,1289,101.6495,14250.1,255.472,109.273,107.574,1332,NA,NA
2018-01-01,147671,NA,248.721,4,1309,101.3561,14211.4,255.007,109.06,107.354,1352,NA,NA
2017-12-01,147590,18296.685,247.736,4.1,1182,101.3696,14111.5,254.308,108.769,106.995,1309,109.253,18375.225
2017-11-01,147411,NA,247.378,4.2,1278,101.273,14078.4,253.744,108.601,106.88,1302,NA,NA
2017-10-01,147215,NA,246.657,4.2,1248,100.988,14062.7,253.535,108.546,106.692,1346,NA,NA
2017-09-01,146966,18126.226,246.551,4.3,1175,99.7485,14030.9,253.039,108.267,106.52,1257,108.197,18232.697
2017-08-01,146924,NA,245.205,4.4,1159,99.7055,14015.8,252.597,108.058,106.074,1314,NA,NA
2017-07-01,146734,NA,244.28,4.3,1202,100.2092,13999.9,252.047,107.944,105.844,1264,NA,NA
2017-06-01,146506,17996.802,244.218,4.3,1247,100.3042,13963.5,251.822,107.876,105.818,1329,107.704,18143.446
2017-05-01,146295,NA,244.069,4.4,1160,100.147,13962.6,251.488,107.699,105.703,1209,NA,NA
2017-04-01,146154,NA,244.274,4.4,1145,100.0363,13869.6,251.252,107.587,105.732,1258,NA,NA
2017-03-01,145934,17896.623,243.766,4.4,1190,99.1065,13851.3,250.836,107.307,105.448,1285,107.036,18006.79
2017-02-01,145795,NA,243.872,4.6,1281,98.3676,13792.3,250.903,107.357,105.502,1240,NA,NA
2017-01-01,145612,NA,243.62,4.7,1193,98.7446,13742.1,250.462,107.204,105.41,1301,NA,NA
2016-12-01,145415,17812.56,242.637,4.7,1252,98.8958,13685.3,249.92,106.929,105.017,1252,106.084,17860.249
2016-11-01,145201,NA,242.026,4.7,1140,98.2288,13657.8,249.481,106.789,104.826,1236,NA,NA
2016-10-01,145071,NA,241.741,4.9,1313,98.6703,13627.7,249.142,106.737,104.786,1278,NA,NA
2016-09-01,144953,17724.489,241.176,5,1068,98.606,13608.3,248.842,106.579,104.555,1280,105.558,17781.323
2016-08-01,144664,NA,240.545,4.9,1171,98.7249,13578.9,248.423,106.456,104.374,1205,NA,NA
2016-07-01,144521,NA,240.101,4.8,1239,98.8992,13567.1,247.829,106.257,104.218,1190,NA,NA
2016-06-01,144150,17618.581,240.222,4.9,1203,98.7201,13521.5,247.54,106.077,104.175,1208,105.526,17673.635
2016-05-01,143892,NA,239.557,4.8,1148,98.2889,13515.1,247.137,105.948,103.977,1196,NA,NA
2016-04-01,143851,NA,238.992,5.1,1163,98.4673,13522,246.551,105.786,103.823,1158,NA,NA
2016-03-01,143654,17565.465,238.08,5,1111,98.1954,13547.2,245.913,105.521,103.481,1114,105.158,17760.49
2016-02-01,143417,NA,237.336,4.9,1225,98.9583,13546.1,245.51,105.369,103.242,1187,NA,NA
2016-01-01,143205,NA,237.652,4.8,1092,99.4797,13531.6,244.955,105.204,103.306,1161,NA,NA
2015-12-01,143097,17462.579,237.761,5,1146,98.8329,13482,244.547,105.009,103.253,1212,105.432,17656.165
2015-11-01,142824,NA,238.017,5.1,1172,99.4099,13417.7,244.241,104.94,103.337,1244,NA,NA
2015-10-01,142587,NA,237.733,5,1058,100.1588,13419.8,243.768,104.829,103.274,1160,NA,NA
2015-09-01,142281,17437.08,237.498,5,1224,100.568,13392,243.316,104.814,103.289,1144,105.044,17634.811
2015-08-01,142126,NA,238.033,5.1,1130,100.9115,13354.9,242.817,104.679,103.442,1165,NA,NA
2015-07-01,142001,NA,238.034,5.2,1146,101.1831,13324.1,242.565,104.603,103.441,1140,NA,NA
2015-06-01,141699,17380.875,237.657,5.3,1205,100.5063,13292.7,242.064,104.511,103.356,1379,104.686,17613.973
2015-05-01,141525,NA,237.001,5.6,1079,100.8408,13284.7,241.688,104.385,103.156,1272,NA,NA
2015-04-01,141194,NA,236.222,5.4,1190,101.2859,13262.8,241.346,104.256,102.91,1166,NA,NA
2015-03-01,140910,17280.647,235.976,5.4,960,101.8945,13233.7,240.755,104.08,102.831,1072,104.125,17552.649
2015-02-01,140839,NA,235.342,5.5,886,102.2292,13271.8,240.172,103.92,102.634,1127,NA,NA
2015-01-01,140568,NA,234.747,5.7,1085,102.8479,13224.7,239.811,103.816,102.465,1049,NA,NA
2014-12-01,140377,17141.235,236.252,5.6,1073,103.6139,13150.5,239.584,103.837,102.94,1072,103.652,17445.682
2014-11-01,140109,NA,236.983,5.8,1001,103.6669,13062.8,239.458,103.74,103.098,1059,NA,NA
2014-10-01,139818,NA,237.43,5.7,1074,102.9911,12995.3,239.191,103.629,103.177,1094,NA,NA
2014-09-01,139566,17064.616,237.477,5.9,1023,102.9858,12938.8,238.786,103.536,103.203,1077,101.993,17305.06
2014-08-01,139257,NA,237.46,6.1,984,102.6491,12896.3,238.405,103.408,103.177,1047,NA,NA
2014-07-01,139069,NA,237.498,6.2,1085,102.8479,12835.1,238.195,103.369,103.19,1076,NA,NA
2014-06-01,138837,16868.109,237.231,6.1,911,102.5722,12797.2,237.837,103.18,103.035,1010,102.224,17106.519
2014-05-01,138511,NA,236.918,6.3,1007,102.2325,12745,237.529,103.061,102.919,1018,NA,NA
2014-04-01,138293,NA,236.468,6.2,1043,101.8337,12699,237.072,102.879,102.742,1090,NA,NA
2014-03-01,137968,16654.247,236.028,6.7,970,101.7782,12648.6,236.625,102.684,102.543,1067,103.653,16862.923
2014-02-01,137714,NA,235.547,6.7,944,100.7918,12579.5,236.185,102.489,102.338,1039,NA,NA
2014-01-01,137548,NA,235.288,6.6,888,100.038,12513.3,235.961,102.426,102.278,976,NA,NA
2013-12-01,137373,16712.76,234.719,6.7,1002,100.3658,12452.7,235.759,102.333,102.084,1005,100.636,16777.389
2013-11-01,137304,NA,234.1,6.9,1100,100.1762,12426.2,235.359,102.194,101.881,1029,NA,NA
2013-10-01,137040,NA,233.669,7.2,925,99.9168,12395.1,234.921,102.015,101.722,1044,NA,NA
2013-09-01,136815,16594.743,233.544,7.2,850,100.0568,12431.5,234.7,101.799,101.55,1004,100.641,16671.996
2013-08-01,136628,NA,233.456,7.2,917,99.4996,12379.6,234.336,101.685,101.51,964,NA,NA
2013-07-01,136386,NA,232.9,7.3,880,98.9204,12350.6,233.88,101.567,101.354,997,NA,NA
2013-06-01,136274,16464.402,232.445,7.5,839,99.2065,12361.7,233.35,101.438,101.228,942,101.382,16661.877
2013-05-01,136093,NA,231.893,7.5,930,99.0726,12358.6,232.996,101.272,101.01,1003,NA,NA
2013-04-01,135871,NA,231.797,7.6,835,98.9927,12299,232.832,101.163,100.944,1012,NA,NA
2013-03-01,135680,16441.485,232.282,7.5,1010,99.0597,12262.1,232.794,101.085,101.023,936,100.312,16554.282
2013-02-01,135541,NA,232.937,7.7,962,98.6458,12224.9,232.569,100.992,101.156,980,NA,NA
2013-01-01,135263,NA,231.679,8,888,98.1664,12258.9,232.229,100.871,100.787,940,NA,NA
2012-12-01,135072,16300.035,231.221,7.9,976,98.2122,13011.6,231.725,100.664,100.593,941,102.34,16564.033
2012-11-01,134833,NA,231.249,7.7,833,97.9837,12702.9,231.33,100.591,100.609,917,NA,NA
2012-10-01,134677,NA,231.638,7.8,915,97.5344,12538.2,231.024,100.482,100.677,887,NA,NA
2012-09-01,134518,16282.151,231.015,7.8,847,97.2295,12453.3,230.659,100.24,100.379,930,99.378,16340.697
2012-08-01,134331,NA,229.918,8.1,754,97.2842,12364.4,230.233,100.116,100.075,840,NA,NA
2012-07-01,134159,NA,228.59,8.2,740,97.6786,12396.5,229.97,100.053,99.74,849,NA,NA
2012-06-01,134007,16253.726,228.524,8.2,757,97.4577,12482.6,229.623,99.95,99.704,794,99.17,16464.495
2012-05-01,133934,NA,228.713,8.2,708,97.4669,12490.2,229.224,99.847,99.754,796,NA,NA
2012-04-01,133834,NA,229.187,8.2,753,97.3139,12486.5,228.905,99.746,99.866,732,NA,NA
2012-03-01,133752,16179.968,228.807,8.2,695,96.5714,12431.1,228.478,99.595,99.735,806,99.098,16402.173
2012-02-01,133512,NA,228.329,8.3,704,97.051,12384.8,228.034,99.426,99.545,738,NA,NA
2012-01-01,133250,NA,227.842,8.3,723,96.7772,12311.1,227.877,99.288,99.323,712,NA,NA
2011-12-01,132896,16048.702,227.223,8.5,694,96.2047,12227.3,227.405,98.992,98.984,697,97.209,16061.732
2011-11-01,132694,NA,227.169,8.6,711,95.7307,12112.6,226.899,98.828,98.928,706,NA,NA
2011-10-01,132562,NA,226.75,8.8,610,95.6902,12117,226.506,98.619,98.725,671,NA,NA
2011-09-01,132358,15870.684,226.597,9,650,95.0855,12104,226.118,98.572,98.723,610,99.212,15913.303
2011-08-01,132125,NA,226.106,9,585,95.1605,12120.6,225.862,98.505,98.584,647,NA,NA
2011-07-01,131999,NA,225.395,9,623,94.5881,12128.6,225.218,98.309,98.353,621,NA,NA
2011-06-01,131939,15876.839,224.806,9.1,608,94.0844,12087.9,224.697,98.164,98.186,636,98.18,15878.406
2011-05-01,131703,NA,224.806,9,561,93.849,12043.2,224.175,98.057,98.206,618,NA,NA
2011-04-01,131602,NA,224.093,9.1,554,93.7011,12061.3,223.727,97.824,97.908,581,NA,NA
2011-03-01,131288,15769.911,223.046,9,600,94.0244,12083.3,223.454,97.6,97.496,583,98.998,15762.549
2011-02-01,131053,NA,221.898,9,517,93.0617,12117,223.213,97.453,97.105,542,NA,NA
2011-01-01,130841,NA,221.187,9.1,630,93.4768,12084.4,222.803,97.283,96.835,576,NA,NA
2010-12-01,130822,15807.995,220.472,9.3,539,93.6492,12030.1,222.343,97.074,96.545,632,96.526,15746.706
2010-11-01,130750,NA,219.59,9.8,545,92.7535,11960.5,222.149,97.054,96.327,560,NA,NA
2010-10-01,130625,NA,219.035,9.4,543,92.7115,11950.4,221.83,96.928,96.135,558,NA,NA
2010-09-01,130357,15726.282,218.275,9.5,594,92.9252,11949.4,221.711,96.781,95.83,563,96.413,15708.056
2010-08-01,130422,NA,217.923,9.5,599,92.7118,11949.7,221.509,96.726,95.735,580,NA,NA
2010-07-01,130427,NA,217.605,9.4,546,92.3967,11910.8,221.363,96.633,95.604,579,NA,NA
2010-06-01,130511,15605.628,217.199,9.4,536,92.007,11895,221.194,96.632,95.522,587,96.536,15472.751
2010-05-01,130650,NA,217.29,9.6,583,91.824700000000007,11887.9,220.962,96.585,95.562,575,NA,NA
2010-04-01,130110,NA,217.403,9.9,687,90.5689,11799.8,220.822,96.478,95.532,637,NA,NA
2010-03-01,129879,15456.059,217.353,9.9,636,90.2296,11702.1,220.783,96.429,95.48,687,95.727,15324.504
2010-02-01,129698,NA,217.281,9.8,604,89.5648,11655.6,220.731,96.285,95.345,650,NA,NA
2010-01-01,129790,NA,217.488,9.8,614,89.2744,11644.6,220.633,96.201,95.348,636,NA,NA
2009-12-01,129788,15379.155,217.347,9.9,581,88.2819,11630,220.881,96.06,95.14,664,96.854,15236.788
2009-11-01,130057,NA,217.234,9.9,588,88.0061,11571,220.666,95.978,95.084,623,NA,NA
2009-10-01,130045,NA,216.509,10,534,87.6595,11538.1,220.501,95.893,94.847,583,NA,NA
2009-09-01,130244,15216.647,215.861,9.8,585,87.4072,11573.1,219.92,95.541,94.489,609,97.696,15010.534
2009-08-01,130485,NA,215.445,9.6,586,86.7094,11538.6,219.496,95.374,94.336,616,NA,NA
2009-07-01,130668,NA,214.726,9.5,594,85.7471,11560.4,219.263,95.233,94.063,595,NA,NA
2009-06-01,131008,15161.772,214.79,9.5,585,84.7841,11610.9,219.112,95.151,94.053,601,98.465,14949.577
2009-05-01,131475,NA,213.022,9.4,540,85.0635,11826.7,218.904,95.03,93.498,556,NA,NA
2009-04-01,131817,NA,212.709,9,478,85.9406,11660.2,218.706,94.957,93.401,521,NA,NA
2009-03-01,132512,15187.475,212.495,8.7,505,86.6045,11593.4,218.253,94.745,93.267,513,98.093,14897.489
2009-02-01,133312,NA,212.705,8.3,582,88.0069,11598.7,217.792,94.677,93.369,558,NA,NA
2009-01-01,134055,NA,211.933,7.8,490,88.583,11718,217.346,94.602,93.203,545,NA,NA
2008-12-01,134839,15366.607,211.398,7.3,560,90.825,11655.4,216.925,94.631,93.192,554,101.643,15152.318
2008-11-01,135545,NA,213.153,6.8,652,93.4737,11713.8,216.947,94.677,93.716,626,NA,NA
2008-10-01,136272,NA,216.995,6.5,777,94.7036,11616.7,216.788,94.719,94.835,736,NA,NA
2008-09-01,136753,15709.562,218.877,6.1,820,93.8451,11531.5,216.713,94.854,95.465,797,100.049,15505.317
2008-08-01,137213,NA,218.69,6.1,844,98.0601,11506.9,216.393,94.757,95.386,858,NA,NA
2008-07-01,137491,NA,219.016,5.8,923,99.6124,11574,215.965,94.641,95.463,921,NA,NA
2008-06-01,137687,15792.773,217.463,5.6,1046,100.0853,11755.3,215.424,94.471,95.021,1180,99.34,15524.884
2008-05-01,137858,NA,215.208,5.4,973,100.3073,12060.9,214.936,94.255,94.337,995,NA,NA
2008-04-01,138035,NA,213.942,5,1013,100.9098,11500.7,214.56,94.083,93.934,1008,NA,NA
2008-03-01,138275,15702.906,213.448,5.1,1005,101.5904,11545.3,214.42,94.028,93.76,967,100.271,15555.262
2008-02-01,138324,NA,212.687,4.9,1103,101.9384,11547.6,213.939,93.844,93.492,1014,NA,NA
2008-01-01,138403,NA,212.174,5,1084,102.3148,11553.4,213.771,93.753,93.307,1094,NA,NA
2007-12-01,138392,15767.146,211.445,5,1037,102.4621,11552.1,213.168,93.567,93.072,1149,98.656,15561.451
2007-11-01,138284,NA,210.834,4.7,1197,102.4717,11512.3,212.66,93.379,92.856,1224,NA,NA
2007-10-01,138174,NA,209.19,4.7,1264,101.8873,11523.6,212.077,93.196,92.367,1192,NA,NA
2007-09-01,138095,15671.605,208.547,4.7,1183,102.2023,11527.1,211.554,92.954,92.088,1261,98.32,15556.02
2007-08-01,138015,NA,207.667,4.6,1330,101.9639,11506.2,211.119,92.701,91.734,1321,NA,NA
2007-07-01,138038,NA,207.603,4.7,1354,101.7209,11500.4,210.773,92.563,91.672,1361,NA,NA
2007-06-01,138069,15577.779,207.234,4.6,1448,101.8424,11488.4,210.392,92.424,91.532,1407,98.872,15686.201
2007-05-01,137993,NA,206.755,4.4,1415,101.8148,11495.5,210.058,92.272,91.339,1493,NA,NA
2007-04-01,137842,NA,205.904,4.5,1490,101.7497,11490.1,209.747,92.163,91.074,1470,NA,NA
2007-03-01,137793,15478.956,205.288,4.4,1495,101.0257,11475,209.418,92.032,90.861,1596,99.281,15609.619
2007-02-01,137558,NA,204.226,4.5,1480,100.8096,11439.6,209.135,91.939,90.529,1598,NA,NA
2007-01-01,137477,NA,203.437,4.6,1409,99.86,11403.7,208.6,91.741,90.249,1626,NA,NA
2006-12-01,137249,15433.643,203.1,4.4,1649,100.2526,11406.8,208.1,91.37,89.949,1638,97.156,15611.507
2006-11-01,137063,NA,202,4.5,1570,99.2376,11353.1,207.8,91.248,89.63,1535,NA,NA
2006-10-01,136852,NA,201.9,4.4,1491,99.2931,11306,207.6,91.204,89.599,1570,NA,NA
2006-09-01,136843,15304.517,202.8,4.5,1720,99.4133,11252.3,207.2,91.04,89.812,1655,96.254,15579.212
2006-08-01,136694,NA,203.8,4.7,1650,99.5815,11189.6,206.8,90.896,90.047,1722,NA,NA
2006-07-01,136520,NA,202.9,4.7,1737,99.1473,11196.3,206.3,90.712,89.765,1763,NA,NA
2006-06-01,136325,15281.525,201.8,4.6,1802,99.209,11198.2,205.9,90.623,89.459,1867,95.81,15519.378
2006-05-01,136244,NA,201.3,4.6,1942,98.8999,11182.7,205.4,90.395,89.239,1905,NA,NA
2006-04-01,136205,NA,200.7,4.7,1821,98.9042,11190.3,204.8,90.169,88.999,1998,NA,NA
2006-03-01,136047,15244.088,199.7,4.7,1969,98.5915,11195.7,204.3,89.894,88.588,2118,95.566,15459.919
2006-02-01,135737,NA,199.4,4.8,2119,98.3412,11151.4,203.6,89.647,88.417,2141,NA,NA
2006-01-01,135429,NA,199.3,4.7,2273,98.3353,11096.7,203.2,89.503,88.364,2212,NA,NA
2005-12-01,135149,15041.232,198.1,4.9,1994,98.2108,10976.2,202.8,89.302,87.938,2120,94.398,15223.572
2005-11-01,134993,NA,198.1,5,2147,97.6736,10937.8,202.5,89.21,87.938,2218,NA,NA
2005-10-01,134655,NA,199.1,5,2065,96.6445,10870.2,202,88.982,88.121,2170,NA,NA
2005-09-01,134566,14956.291,198.8,5,2151,95.509,10815.7,201.3,88.728,87.981,2263,93.9,14995.25
2005-08-01,134498,NA,196.1,4.9,2095,97.3856,10856.6,201.1,88.532,87.14,2219,NA,NA
2005-07-01,134296,NA,194.9,5,2054,97.0425,10839,200.9,88.46,86.79,2203,NA,NA
2005-06-01,133942,14839.707,193.7,5,2068,97.353,10824.4,200.6,88.33,86.423,2178,93.311,14882.417
2005-05-01,133690,NA,193.6,5.1,2025,96.9622,10799.8,200.5,88.269,86.37,2085,NA,NA
2005-04-01,133518,NA,193.7,5.2,2061,96.8638,10751.9,200.2,88.089,86.321,2150,NA,NA
2005-03-01,133156,14767.846,193.1,5.2,1864,96.6725,10717.4,200.1,87.987,86.08,2062,92.584,14741.398
2005-02-01,133032,NA,192.4,5.4,2207,96.82,10677.1,199.4,87.77,85.823,2114,NA,NA
2005-01-01,132774,NA,191.6,5.3,2144,96.1164,10670.3,199,87.625,85.585,2139,NA,NA
2004-12-01,132624,14605.595,191.7,5.4,2042,95.7433,11072.9,198.6,87.311,85.473,2082,93.011,14614.116
2004-11-01,132503,NA,191.7,5.4,1782,95.0379,10677.3,198.3,87.199,85.427,2079,NA,NA
2004-10-01,132447,NA,190.8,5.5,2072,94.8012,10707.4,197.9,87.012,85.099,2097,NA,NA
2004-09-01,132093,14457.832,189.8,5.4,1905,93.9393,10701.4,197.5,86.823,84.735,2041,93.074,14535.273
2004-08-01,131937,NA,189.2,5.4,2024,93.8516,10693.5,196.9,86.661,84.569,2056,NA,NA
2004-07-01,131848,NA,189.1,5.5,2002,93.7646,10658.1,196.8,86.628,84.525,2112,NA,NA
2004-06-01,131793,14323.017,188.9,5.6,1828,93.0677,10631.8,196.6,86.525,84.447,2020,91.806,14360.92
2004-05-01,131694,NA,188.2,5.6,1981,93.797,10623.3,196.2,86.388,84.206,2150,NA,NA
2004-04-01,131411,NA,187.4,5.6,2003,93.1255,10569.6,195.9,86.27,83.934,2070,NA,NA
2004-03-01,131142,14212.34,187.1,5.8,1998,92.7403,10533.6,195.5,86.046,83.778,2066,90.993,14200.007
2004-02-01,130825,NA,186.7,5.6,1846,93.1092,10491.3,194.9,85.902,83.649,1966,NA,NA
2004-01-01,130769,NA,186.3,5.7,1911,92.5643,10472.7,194.6,85.763,83.471,1952,NA,NA
2003-12-01,130588,14131.379,185.5,5.7,2057,92.4019,10479,194.2,85.544,83.15,1987,90.953,14080.614
2003-11-01,130474,NA,185,5.8,2083,92.3505,10470.9,194,85.437,82.967,1918,NA,NA
2003-10-01,130454,NA,184.9,6,1967,91.7372,10408.4,194,85.32,82.862,2012,NA,NA
2003-09-01,130254,13970.157,185.1,6.1,1939,91.6355,10369.1,193.7,85.164,82.852,1961,90.527,13963.184
2003-08-01,130149,NA,184.5,6.1,1833,91.0119,10487.7,193.6,85.045,82.593,1966,NA,NA
2003-07-01,130191,NA,183.7,6.2,1897,91.2028,10415.5,193.4,84.949,82.315,1885,NA,NA
2003-06-01,130194,13741.107,183.1,6.3,1867,90.7372,10291.2,193,84.738,82.074,1875,91.148,13814.441
2003-05-01,130196,NA,182.9,6.1,1751,90.6163,10261.2,192.9,84.69,81.986,1835,NA,NA
2003-04-01,130177,NA,183.2,6,1643,90.6448,10181.4,192.5,84.568,82.08,1803,NA,NA
2003-03-01,130232,13619.434,183.9,5.9,1726,91.221,10121.5,192.5,84.474,82.219,1757,90.78,13701.447
2003-02-01,130444,NA,183.6,5.9,1629,91.494,10097.6,192.5,84.339,82.009,1854,NA,NA
2003-01-01,130580,NA,182.6,5.8,1853,91.3852,10133.6,192.4,84.223,81.664,1808,NA,NA
2002-12-01,130472,13549.421,181.8,6,1788,90.6374,10148.6,192.1,84.165,81.421,1896,91.089,13708.832
2002-11-01,130615,NA,181.5,5.9,1753,91.1366,10124.3,191.9,84.087,81.343,1771,NA,NA
2002-10-01,130628,NA,181.2,5.7,1648,90.6289,10097.3,191.5,84.005,81.262,1799,NA,NA
2002-09-01,130501,13531.741,180.8,5.7,1804,90.8931,10068.3,191.3,83.934,81.115,1803,90.764,13609.13
2002-08-01,130587,NA,180.5,5.7,1633,90.785,10056.6,191.1,83.797,80.969,1695,NA,NA
2002-07-01,130590,NA,180,5.8,1655,90.8761,10053.5,190.5,83.632,80.81,1738,NA,NA
2002-06-01,130684,13477.356,179.6,5.8,1717,90.9078,10078.5,190.2,83.463,80.632,1758,90.959,13571.149
2002-05-01,130634,NA,179.5,5.8,1764,90.1629,10047.9,190,83.331,80.531,1716,NA,NA
2002-04-01,130623,NA,179.3,5.9,1592,89.7933,10007.2,189.7,83.238,80.479,1669,NA,NA
2002-03-01,130717,13394.91,178.5,5.7,1642,89.3624,9973.3,189.2,83.006,80.144,1691,90.355,13445.293
2002-02-01,130736,NA,178,5.7,1829,88.6723,9966.6,189.1,82.907,79.926,1787,NA,NA
2002-01-01,130852,NA,177.7,5.7,1698,88.6706,9951.9,188.7,82.75,79.793,1665,NA,NA
2001-12-01,130982,13284.881,177.4,5.7,1568,88.0897,9750.3,188.4,82.702,79.721,1680,91.814,13282.292
2001-11-01,131142,NA,177.5,5.5,1602,88.1058,9733.4,188.1,82.683,79.803,1651,NA,NA
2001-10-01,131454,NA,177.6,5.3,1540,88.6365,9722.4,187.4,82.516,79.857,1566,NA,NA
2001-09-01,131771,13248.142,178.1,5,1562,88.9262,9896.5,187.1,81.939,79.577,1565,92.12,13389.82
2001-08-01,132028,NA,177.4,4.9,1567,89.3838,9982.1,186.7,82.406,79.848,1615,NA,NA
2001-07-01,132177,NA,177.4,4.6,1670,89.4778,9820.7,186.4,82.366,79.858,1598,NA,NA
2001-06-01,132299,13301.394,177.7,4.5,1636,90.0322,9679.4,186,82.154,79.885,1626,92.539,13464.255
2001-05-01,132410,NA,177.3,4.3,1605,90.5335,9680.9,185.3,81.97,79.743,1665,NA,NA
2001-04-01,132463,NA,176.4,4.4,1649,91.072,9705,185.1,81.951,79.534,1666,NA,NA
2001-03-01,132747,13219.251,176.1,4.3,1590,91.3567,9733.9,184.7,81.821,79.395,1659,93.758,13489.485
2001-02-01,132789,NA,176,4.2,1625,91.5813,9708.8,184.4,81.736,79.388,1656,NA,NA
2001-01-01,132698,NA,175.6,4.2,1600,92.2054,9697.4,183.9,81.592,79.265,1699,NA,NA
2000-12-01,132709,13262.25,174.6,3.9,1532,92.7388,9647.6,183.3,81.289,78.883,1543,91.209,13338.31
2000-11-01,132556,NA,174.2,3.9,1551,93.0137,9629.8,183.1,81.21,78.762,1614,NA,NA
2000-10-01,132351,NA,173.9,3.9,1549,93.0019,9627.4,182.6,81.067,78.652,1577,NA,NA
2000-09-01,132353,13183.89,173.6,3.9,1507,93.3533,9601.5,182.3,80.953,78.545,1570,91.622,13340.329
2000-08-01,132230,NA,172.7,4.1,1541,92.9637,9591.5,181.9,80.757,78.209,1552,NA,NA
2000-07-01,132236,NA,172.7,4,1463,93.204,9533.3,181.5,80.654,78.214,1542,NA,NA
2000-06-01,132061,13170.749,172.2,4,1559,93.3908,9483.3,181.1,80.47,78.019,1572,89.845,13222.257
2000-05-01,132105,NA,171.2,4,1575,93.3427,9457.3,180.7,80.409,77.755,1543,NA,NA
2000-04-01,131888,NA,170.9,3.8,1626,93.0619,9418.3,180.3,80.323,77.69,1597,NA,NA
2000-03-01,131596,12935.252,171,4,1604,92.4733,9370.3,180,80.27,77.755,1651,91.339,13135.145
2000-02-01,131124,NA,170,4.1,1737,92.1272,9345.2,179.4,80.106,77.422,1692,NA,NA
2000-01-01,131005,NA,169.3,4,1636,91.7942,9309.1,179.3,79.987,77.18,1727,NA,NA
1999-12-01,130772,12888.281,168.8,4,1708,91.8444,9248.6,178.7,79.796,76.97,1683,87.882,12880.228
1999-11-01,130466,NA,168.4,4.1,1648,91.1438,9177.2,178.4,79.695,76.792,1672,NA,NA
1999-10-01,130177,NA,168.1,4.1,1608,90.6725,9117.2,178.1,79.619,76.723,1649,NA,NA
1999-09-01,129772,12679.977,167.8,4.2,1635,89.496,9066.3,177.8,79.483,76.593,1551,87.405,12692.367
1999-08-01,129569,NA,167.1,4.2,1648,89.8984,9076.4,177.3,79.273,76.319,1671,NA,NA
1999-07-01,129414,NA,166.7,4.3,1669,89.5155,9036.7,177.1,79.235,76.181,1682,NA,NA
1999-06-01,129089,12514.408,166,4.3,1559,88.9802,9018.1,176.6,79.092,75.979,1702,87.471,12566.361
1999-05-01,128808,NA,166,4.2,1611,89.0447,8986.1,176.5,79.051,75.955,1640,NA,NA
1999-04-01,128597,NA,165.9,4.3,1553,88.4947,8969,176.3,78.975,75.906,1600,NA,NA
1999-03-01,128227,12410.778,164.8,4.2,1710,88.2987,8996.9,175.7,78.773,75.541,1665,87.412,12503.636
1999-02-01,128120,NA,164.7,4.4,1670,88.1298,8987.9,175.6,78.749,75.484,1720,NA,NA
1999-01-01,127702,NA,164.7,4.3,1748,87.6357,8956.4,175.6,78.776,75.527,1732,NA,NA
1998-12-01,127596,12294.737,164.4,4.4,1792,87.2514,8907.1,175.4,78.663,75.42,1742,87.08,12331.554
1998-11-01,127231,NA,164.1,4.4,1660,86.9005,8889.8,174.8,78.528,75.345,1672,NA,NA
1998-10-01,126954,NA,163.9,4.5,1715,86.9767,8853.3,174.4,78.514,75.341,1719,NA,NA
1998-09-01,126752,12099.191,163.5,4.6,1582,86.3287,8840.5,174.2,78.361,75.176,1577,87.263,12214.32
1998-08-01,126544,NA,163.4,4.5,1614,86.4183,8814.4,174,78.375,75.22,1654,NA,NA
1998-07-01,126205,NA,163.2,4.5,1698,84.6664,8786,173.5,78.222,75.116,1610,NA,NA
1998-06-01,126076,11949.492,162.8,4.5,1641,84.998,8770.5,173.2,78.002,74.931,1551,87.023,12049.286
1998-05-01,125844,NA,162.6,4.4,1536,85.5129,8721.1,172.9,78.1,74.994,1554,NA,NA
1998-04-01,125442,NA,162.2,4.3,1540,84.9827,8685.6,172.5,78.024,74.891,1547,NA,NA
1998-03-01,125164,11839.876,162,4.7,1567,84.6684,8658.3,172.2,77.881,74.799,1605,86.41,11881.798
1998-02-01,125016,NA,162,4.6,1584,84.6409,8608.9,171.9,77.798,74.787,1647,NA,NA
1998-01-01,124812,NA,162,4.6,1525,84.5113,8554.9,171.6,77.732,74.825,1555,NA,NA
1997-12-01,124549,11722.722,161.8,4.7,1566,84.1331,8480.3,171.2,77.613,74.788,1456,85.741,11759.065
1997-11-01,124235,NA,161.7,4.6,1510,83.7534,8431.8,170.8,77.568,74.804,1469,NA,NA
1997-10-01,123929,NA,161.5,4.7,1520,83.1064,8377.6,170.6,77.545,74.801,1499,NA,NA
1997-09-01,123585,11622.911,161.2,4.9,1546,82.4022,8336.4,170.2,77.427,74.704,1494,84.638,11601.921
1997-08-01,123093,NA,160.8,4.8,1390,81.6119,8314.6,169.8,77.267,74.524,1449,NA,NA
1997-07-01,123111,NA,160.4,4.9,1437,80.7798,8271.7,169.7,77.297,74.464,1440,NA,NA
1997-06-01,122814,11479.33,160.2,5,1494,80.1365,8240.5,169.4,77.245,74.42,1402,84.491,11419.384
1997-05-01,122546,NA,159.9,4.9,1442,79.773,8214.1,169.2,77.131,74.324,1414,NA,NA
1997-04-01,122286,NA,159.9,5.1,1492,79.3464,8178.2,168.9,77.075,74.359,1421,NA,NA
1997-03-01,121990,11291.665,159.8,5.2,1457,79.2746,8172.1,168.4,76.925,74.286,1436,84.964,11273.577
1997-02-01,121675,NA,159.7,5.2,1486,78.7993,8133.4,168.1,76.741,74.208,1445,NA,NA
1997-01-01,121363,NA,159.4,5.3,1355,77.8711,8110.8,167.8,76.584,74.052,1382,NA,NA
1996-12-01,121143,11219.238,159.1,5.4,1370,77.7342,8087.7,167.4,76.503,73.956,1411,83.823,11150.408
1996-11-01,120961,NA,158.7,5.4,1489,77.2493,8060.2,167.2,76.473,73.871,1412,NA,NA
1996-10-01,120665,NA,158.2,5.2,1392,76.5662,8038.2,166.8,76.373,73.74,1358,NA,NA
1996-09-01,120410,11103.935,157.7,5.2,1475,76.5959,8038.7,166.5,76.192,73.517,1392,83.413,11014.26
1996-08-01,120199,NA,157.2,5.1,1557,76.0875,8019.8,166,75.962,73.31,1413,NA,NA
1996-07-01,120015,NA,157,5.5,1472,75.7189,7999.4,165.7,75.897,73.241,1450,NA,NA
1996-06-01,119769,11005.217,156.7,5.3,1467,75.719,8020.3,165.4,75.754,73.086,1429,83.082,10913.576
1996-05-01,119486,NA,156.4,5.6,1504,75.15,7972,165,75.696,73.087,1457,NA,NA
1996-04-01,119158,NA,156.1,5.6,1516,74.6152,7872.3,164.6,75.565,72.961,1463,NA,NA
1996-03-01,118993,10824.674,155.5,5.5,1424,73.8546,7919.9,164.4,75.462,72.743,1437,83.115,10757.109
1996-02-01,118739,NA,155,5.5,1491,73.955,7894.3,164,75.288,72.524,1420,NA,NA
1996-01-01,118316,NA,154.7,5.6,1467,72.9017,7833.7,163.7,75.19,72.41,1387,NA,NA
1995-12-01,118320,10744.203,153.9,5.6,1431,73.3148,7823,163.1,75.105,72.249,1442,82.733,10638.489
1995-11-01,118175,NA,153.7,5.6,1452,73.0432,7812.3,163,75,72.111,1430,NA,NA
1995-10-01,118031,NA,153.5,5.5,1369,72.8743,7790.9,162.7,74.952,72.113,1400,NA,NA
1995-09-01,117875,10671.738,153.1,5.6,1369,72.989,7782,162.2,74.77,71.926,1421,82.523,10569.551
1995-08-01,117634,NA,152.9,5.7,1416,72.6863,7756.6,161.8,74.671,71.877,1386,NA,NA
1995-07-01,117380,NA,152.6,5.7,1461,71.7421,7751.4,161.4,74.493,71.722,1354,NA,NA
1995-06-01,117286,10581.723,152.4,5.6,1281,72.0577,7734,161.1,74.375,71.633,1305,82.063,10440.86
1995-05-01,117049,NA,152.1,5.6,1314,71.8245,7710.9,160.7,74.311,71.563,1271,NA,NA
1995-04-01,117069,NA,151.8,5.8,1267,71.4939,7633.6,160.4,74.184,71.453,1259,NA,NA
1995-03-01,116907,10550.251,151.2,5.4,1249,71.5962,7690.3,159.9,74.013,71.265,1226,81.776,10380.411
1995-02-01,116697,NA,150.9,5.4,1316,71.4827,7669.1,159.4,73.831,71.134,1254,NA,NA
1995-01-01,116501,NA,150.5,5.6,1407,71.5873,7653.7,159,73.711,71.008,1282,NA,NA
1994-12-01,116165,10512.962,150.1,5.5,1455,71.4653,7629.1,158.3,73.528,70.865,1396,81.359,10337.146
1994-11-01,115869,NA,149.8,5.6,1511,70.7471,7594.4,158.2,73.503,70.819,1340,NA,NA
1994-10-01,115458,NA,149.4,5.8,1450,70.2734,7594.7,157.8,73.369,70.684,1397,NA,NA
1994-09-01,115247,10393.898,149.3,5.9,1474,69.7304,7523.2,157.5,73.197,70.565,1412,81.586,10214.985
1994-08-01,114896,NA,149,6,1450,69.5074,7490.5,157.1,73.086,70.486,1377,NA,NA
1994-07-01,114610,NA,148.4,6.1,1439,69.0536,7481.7,156.7,73.004,70.325,1335,NA,NA
1994-06-01,114238,10333.495,147.9,6.1,1409,68.9608,7475.5,156.4,72.851,70.104,1357,81.146,10120.974
1994-05-01,113921,NA,147.5,6.1,1526,68.5136,7487.4,155.9,72.69,69.933,1396,NA,NA
1994-04-01,113586,NA,147.2,6.4,1465,68.1906,7402,155.5,72.528,69.832,1392,NA,NA
1994-03-01,113242,10195.338,147.1,6.5,1564,67.7792,7401.7,155.3,72.42,69.75,1342,80.542,9966.22
1994-02-01,112781,NA,146.7,6.6,1337,67.106,7377.2,154.8,72.173,69.558,1269,NA,NA
1994-01-01,112595,NA,146.3,6.6,1272,67.0596,7363.1,154.5,72.018,69.397,1390,NA,NA
1993-12-01,112314,10097.362,146.3,6.5,1533,66.8399,7503.7,154.3,71.96,69.374,1461,81.248,9911.347
1993-11-01,111984,NA,146,6.6,1376,66.4831,7256.4,153.9,71.928,69.358,1357,NA,NA
1993-10-01,111733,NA,145.6,6.8,1392,66.1632,7236.4,153.4,71.744,69.227,1287,NA,NA
1993-09-01,111448,9961.873,145,6.7,1343,65.6562,7271.9,152.9,71.625,69.01,1251,80.974,9722.562
1993-08-01,111206,NA,144.8,6.8,1300,65.3265,7291.8,152.8,71.518,68.938,1230,NA,NA
1993-07-01,111055,NA,144.5,6.9,1254,65.3988,7281.2,152.3,71.385,68.82,1174,NA,NA
1993-06-01,110749,9914.565,144.3,7,1280,65.2428,7262.9,152.1,71.237,68.711,1130,81.299,9703.129
1993-05-01,110568,NA,144.2,7.1,1260,65.0993,7276.3,151.8,71.169,68.687,1112,NA,NA
1993-04-01,110296,NA,143.8,7.1,1258,65.3503,7286.8,151.4,70.929,68.475,1104,NA,NA
1993-03-01,109994,9857.185,143.3,7,1083,65.1605,7249.2,150.8,70.723,68.294,1056,80.225,9587.601
1993-02-01,110044,NA,143.1,7.1,1210,65.2156,7271.8,150.6,70.57,68.154,1148,NA,NA
1993-01-01,109794,NA,142.8,7.3,1210,64.9199,7237.6,150.1,70.435,68.052,1177,NA,NA
1992-12-01,109495,9840.753,142.3,7.4,1227,64.6477,7399,149.6,70.231,67.886,1176,80.122,9620.988
1992-11-01,109272,NA,142.1,7.4,1214,64.563,7144.5,149.2,70.101,67.768,1118,NA,NA
1992-10-01,109139,NA,141.7,7.3,1244,64.3089,7133.6,148.8,69.948,67.635,1132,NA,NA
1992-09-01,108959,9739.185,141.1,7.6,1186,63.8563,7179.5,148.1,69.68,67.397,1114,80.172,9531.253
1992-08-01,108925,NA,140.8,7.6,1226,63.6652,7212.8,147.9,69.567,67.287,1075,NA,NA
1992-07-01,108793,NA,140.5,7.7,1139,64.013,7187,147.6,69.503,67.197,1089,NA,NA
1992-06-01,108715,9643.893,140.1,7.8,1145,63.4358,7191.7,147.1,69.242,66.976,1057,79.973,9501.151
1992-05-01,108649,NA,139.7,7.6,1214,63.4008,7161.1,146.8,69.188,66.857,1056,NA,NA
1992-04-01,108519,NA,139.4,7.4,1099,63.1981,7126.8,146.3,69.091,66.769,1054,NA,NA
1992-03-01,108365,9540.444,139.1,7.4,1297,62.7223,7105.5,145.9,68.865,66.589,1082,79.913,9422.624
1992-02-01,108311,NA,138.6,7.4,1250,62.2167,7097.8,145.4,68.693,66.428,1146,NA,NA
1992-01-01,108369,NA,138.3,7.3,1176,61.7744,7065.3,145.1,68.507,66.26,1077,NA,NA
1991-12-01,108328,9427.581,138.2,7.3,1079,62.0999,6995.7,144.7,68.321,66.17,1061,79.436,9263.843
1991-11-01,108296,NA,137.8,7,1103,62.371,6932.2,144.2,68.153,66.005,984,NA,NA
1991-10-01,108357,NA,137.2,7,1079,62.4572,6921.1,143.7,68.026,65.86,991,NA,NA
1991-09-01,108336,9394.834,137,6.9,1015,62.5457,6910.5,143.4,67.877,65.737,974,78.762,9231.669
1991-08-01,108310,NA,136.6,6.9,1049,62.0141,6891.4,142.9,67.606,65.511,944,NA,NA
1991-07-01,108292,NA,136.2,6.8,1063,62.0065,6875.2,142.3,67.421,65.36,973,NA,NA
1991-06-01,108334,9347.597,136,6.9,1036,61.8396,6888.5,141.8,67.216,65.257,964,78.498,9206.043
1991-05-01,108249,NA,135.6,6.9,996,61.3572,6852.9,141.3,67.072,65.147,991,NA,NA
1991-04-01,108364,NA,135.1,6.7,1001,60.7604,6851.7,140.9,66.805,64.878,916,NA,NA
1991-03-01,108574,9275.276,134.8,6.8,921,60.5853,6824.9,140.5,66.672,64.76,911,78.269,9179.178
1991-02-01,108734,NA,134.8,6.6,965,60.9255,6814,140.2,66.533,64.747,853,NA,NA
1991-01-01,109055,NA,134.7,6.4,798,61.3624,6804.7,139.5,66.35,64.714,786,NA,NA
1990-12-01,109166,9318.876,134.2,6.3,969,61.5915,6824.1,138.6,66.021,64.469,861,78.054,9198.276
1990-11-01,109214,NA,133.7,6.2,1145,62.0154,6785.1,138,65.929,64.409,941,NA,NA
1990-10-01,109367,NA,133.4,5.9,1014,62.7886,6783.4,137.6,65.85,64.327,925,NA,NA
1990-09-01,109518,9404.494,132.5,5.9,1110,63.1832,6839.5,137.1,65.627,63.961,976,76.656,9241.309
1990-08-01,109616,NA,131.6,5.7,1115,63.172,6842.8,136.6,65.398,63.571,1069,NA,NA
1990-07-01,109824,NA,130.5,5.5,1171,62.9353,6886.1,135.8,65.128,63.151,1078,NA,NA
1990-06-01,109856,9398.243,129.9,5.2,1177,63.0256,6862.3,135.1,64.963,62.995,1108,75.9,9248.078
1990-05-01,109839,NA,129.1,5.4,1212,62.8126,6852.4,134.4,64.712,62.718,1067,NA,NA
1990-04-01,109686,NA,128.9,5.4,1248,62.6499,6860.6,134,64.515,62.577,1136,NA,NA
1990-03-01,109644,9364.259,128.6,5.2,1289,62.7645,6816.9,133.5,64.323,62.446,1246,74.964,9197.01
1990-02-01,109435,NA,128,5.3,1437,62.464,6815.1,132.7,64.016,62.212,1329,NA,NA
1990-01-01,109199,NA,127.5,5.4,1551,61.9021,6801,132.1,63.706,61.939,1748,NA,NA
1989-12-01,108836,9263.033,126.3,5.4,1251,62.2192,6761.4,131.6,63.462,61.473,1422,74.228,9109.922
1989-11-01,108752,NA,125.9,5.4,1351,61.8627,6761.3,131.1,63.282,61.296,1344,NA,NA
1989-10-01,108476,NA,125.4,5.3,1410,61.6605,6754.8,130.6,63.114,61.162,1365,NA,NA
1989-09-01,108369,9244.816,124.8,5.3,1279,61.7394,6721.7,129.9,62.886,60.924,1314,73.191,9099.817
1989-08-01,108120,NA,124.5,5.2,1332,61.9394,6701.6,129.5,62.669,60.789,1334,NA,NA
1989-07-01,108069,NA,124.5,5.2,1427,61.3334,6683.9,129.2,62.581,60.782,1283,NA,NA
1989-06-01,108027,9176.827,124.1,5.3,1397,61.9423,6660.5,128.8,62.42,60.637,1322,72.883,9062.301
1989-05-01,107913,NA,123.7,5.2,1331,61.9483,6641.7,128.3,62.256,60.504,1381,NA,NA
1989-04-01,107791,NA,123.1,5.2,1339,62.2966,6672.3,127.8,62.07,60.284,1376,NA,NA
1989-03-01,107621,9107.314,122.2,5,1422,62.3049,6706.7,127.4,61.863,59.885,1214,72.811,9078.216
1989-02-01,107427,NA,121.6,5.2,1425,62.1423,6673.2,126.9,61.678,59.663,1383,NA,NA
1989-01-01,107161,NA,121.2,5.4,1621,62.4165,6653.4,126.5,61.522,59.465,1466,NA,NA
1988-12-01,106898,9015.661,120.7,5.3,1563,62.2362,6625.1,126,61.212,59.162,1501,72.644,9022.927
1988-11-01,106617,NA,120.3,5.3,1569,61.9552,6592.6,125.6,61.01,58.978,1508,NA,NA
1988-10-01,106276,NA,119.9,5.4,1522,61.7996,6590.4,125.2,60.843,58.841,1516,NA,NA
1988-09-01,106013,8897.107,119.5,5.4,1492,61.5395,6555.5,124.7,60.613,58.65,1436,72.273,8901.646
1988-08-01,105674,NA,119,5.6,1493,61.7365,6542.8,124,60.289,58.366,1460,NA,NA
1988-07-01,105550,NA,118.5,5.4,1467,61.4169,6524.5,123.6,60.14,58.193,1439,NA,NA
1988-06-01,105326,8845.28,118,5.4,1478,61.4107,6497.4,123.2,59.896,57.912,1485,71.581,8821.826
1988-05-01,104962,NA,117.5,5.6,1421,61.2454,6473.4,122.7,59.644,57.666,1444,NA,NA
1988-04-01,104732,NA,117.2,5.4,1573,61.3536,6464.3,122.3,59.441,57.499,1429,NA,NA
1988-03-01,104489,8730.569,116.5,5.7,1532,61.0006,6442.2,121.7,59.154,57.221,1525,70.902,8721.42
1988-02-01,104214,NA,116.2,5.7,1473,60.8632,6416,121.2,58.902,57.024,1438,NA,NA
1988-01-01,103753,NA,116,5.7,1271,60.564,6378.8,120.9,58.781,56.941,1244,NA,NA
1987-12-01,103661,8685.694,115.6,5.7,1400,60.5629,6365.4,120.4,58.505,56.72,1345,69.935,8618.546
1987-11-01,103372,NA,115.4,5.8,1656,60.2323,6308.9,120.1,58.382,56.616,1457,NA,NA
1987-10-01,103138,NA,115,6,1515,59.9408,6284.5,119.8,58.26,56.508,1447,NA,NA
1987-09-01,102647,8539.075,114.7,5.9,1695,59.1237,6244.3,119.2,58.012,56.329,1514,69.795,8504.808
1987-08-01,102420,NA,114.3,6,1605,58.9076,6244.2,118.7,57.783,56.14,1511,NA,NA
1987-07-01,102247,NA,113.8,6.1,1575,58.4772,6218.1,118.3,57.589,55.919,1516,NA,NA
1987-06-01,101900,8465.63,113.5,6.2,1594,58.0726,6200.8,117.9,57.441,55.791,1522,69.099,8382.813
1987-05-01,101728,NA,113,6.3,1628,57.7653,6209.1,117.7,57.283,55.58,1500,NA,NA
1987-04-01,101499,NA,112.7,6.3,1614,57.3995,5967.2,117.3,57.123,55.439,1601,NA,NA
1987-03-01,101164,8375.274,112.2,6.6,1726,57.0365,6200,116.6,56.882,55.233,1704,69.062,8251.177
1987-02-01,100919,NA,111.8,6.6,1784,56.9589,6192.1,116.2,56.714,55.088,1689,NA,NA
1987-01-01,100678,NA,111.4,6.6,1774,56.2123,6159.5,115.9,56.601,54.895,1690,NA,NA
1986-12-01,100509,8313.338,110.8,6.6,1833,56.4269,6135.8,115.6,56.466,54.64,1903,68.443,8166.672
1986-11-01,100308,NA,110.4,6.9,1623,55.8828,6125.2,115.3,56.394,54.566,1644,NA,NA
1986-10-01,100121,NA,110.2,7,1681,55.6766,6121.2,115,56.274,54.469,1675,NA,NA
1986-09-01,99934,8268.935,110,7,1687,55.4459,6124.9,114.6,56.085,54.371,1686,67.394,8102.679
1986-08-01,99588,NA,109.6,6.9,1807,55.2845,6119.3,114.2,55.901,54.194,1726,NA,NA
1986-07-01,99473,NA,109.5,7,1782,55.3725,6110.2,113.8,55.786,54.126,1780,NA,NA
1986-06-01,99155,8190.552,109.4,7.2,1847,55.0449,6078.3,113.4,55.685,54.112,1790,66.843,8052.161
1986-05-01,99248,NA,109,7.2,1854,55.2556,6082.8,113.1,55.518,53.912,1797,NA,NA
1986-04-01,99121,NA,108.7,7.1,1933,55.16,6076.8,112.9,55.424,53.813,1858,NA,NA
1986-03-01,98934,8153.829,109.1,7.2,1876,55.097,6053.6,112.5,55.324,53.924,1780,66.6,8029.722
1986-02-01,98847,NA,109.7,7.2,1848,55.4963,5992.4,112.2,55.156,54.042,1767,NA,NA
1986-01-01,98732,NA,109.9,6.7,1972,55.8793,5961.6,111.9,55.014,54.042,1847,NA,NA
1985-12-01,98609,8078.415,109.5,7,1942,55.5958,5951.1,111.4,54.718,53.795,1794,66.447,7951.151
1985-11-01,98443,NA,109,7,1698,55.0381,5915.8,111.1,54.57,53.614,1692,NA,NA
1985-10-01,98233,NA,108.5,7.1,1834,54.8418,5907,110.5,54.436,53.459,1743,NA,NA
1985-09-01,98045,8018.809,108.1,7.1,1676,55.0447,5877.9,110,54.349,53.37,1916,65.475,7906.89
1985-08-01,97840,NA,107.9,7.1,1743,54.8269,5852.9,109.8,54.237,53.28,1808,NA,NA
1985-07-01,97648,NA,107.7,7.4,1684,54.642,5857.2,109.4,53.973,53.104,1697,NA,NA
1985-06-01,97459,7898.194,107.5,7.4,1676,54.9269,5844.8,109.1,53.815,52.974,1716,65.339,7812.177
1985-05-01,97312,NA,107.2,7.2,1680,54.952,5970.2,108.8,53.638,52.831,1709,NA,NA
1985-04-01,97038,NA,107,7.3,1821,54.8853,5828.1,108.4,53.453,52.706,1664,NA,NA
1985-03-01,96842,7829.26,106.8,7.2,1800,54.9841,5733,108.1,53.39,52.629,1727,64.925,7756.94
1985-02-01,96503,NA,106.3,7.2,1632,54.91,5759.7,107.7,53.204,52.424,1662,NA,NA
1985-01-01,96372,NA,105.7,7.3,1711,54.7203,5813.6,107.1,52.928,52.182,1660,NA,NA
1984-12-01,96107,7754.117,105.5,7.3,1612,54.7733,5815.5,106.8,52.634,51.922,1626,64.299,7691.551
1984-11-01,95982,NA,105.3,7.2,1689,54.74,5780.3,106.4,52.426,51.776,1643,NA,NA
1984-10-01,95629,NA,105.1,7.4,1590,54.5549,5755.4,106.2,52.315,51.704,1490,NA,NA
1984-09-01,95344,7690.985,104.7,7.3,1698,54.5783,5777,105.8,52.198,51.582,1523,63.864,7607.976
1984-08-01,95032,NA,104.4,7.5,1586,54.7307,5736.2,105.4,52.118,51.512,1530,NA,NA
1984-07-01,94789,NA,104.1,7.5,1732,54.6658,5697.4,105,51.947,51.354,1605,NA,NA
1984-06-01,94479,7617.547,103.7,7.2,1843,54.5095,5690.2,104.5,51.724,51.171,1814,63.225,7528.554
1984-05-01,94098,NA,103.5,7.4,1774,54.3263,5652.5,104.1,51.602,51.08,1741,NA,NA
1984-04-01,93792,NA,103.3,7.7,1851,54.0454,5643.8,103.7,51.483,51.016,1776,NA,NA
1984-03-01,93429,7488.167,102.9,7.8,1663,53.7313,5605.1,103.2,51.242,50.823,1725,62.939,7407.687
1984-02-01,93157,NA,102.6,7.8,2260,53.4741,5568.2,102.8,51.049,50.656,1987,NA,NA
1984-01-01,92673,NA,102.1,8,1897,53.2371,5535.1,102.5,50.729,50.318,1816,NA,NA
1983-12-01,92230,7344.597,101.4,8.3,1688,52.1897,5509.4,101.8,50.56,50.1,1627,62.46,7210.97
1983-11-01,91875,NA,101.1,8.5,1785,51.9425,5459.7,101.5,50.523,50.072,1668,NA,NA
1983-10-01,91520,NA,100.8,8.8,1715,51.714,5412.5,101,50.405,50.002,1716,NA,NA
1983-09-01,91247,7194.504,100.4,9.2,1710,51.3227,5364.1,100.5,50.316,49.916,1585,62.087,7046.807
1983-08-01,90129,NA,100.1,9.5,1910,50.5862,5325.3,100.1,50.113,49.743,1713,NA,NA
1983-07-01,90437,NA,99.8,9.4,1785,49.9861,5335.3,99.8,49.856,49.53,1795,NA,NA
1983-06-01,90021,7053.5,99.4,10.1,1733,49.251,5268.9,99.2,49.523,49.253,1769,62.035,6950.444
1983-05-01,89644,NA,99.2,10.1,1776,48.9668,5264.8,98.9,49.293,49.07,1669,NA,NA
1983-04-01,89364,NA,98.8,10.2,1472,48.6536,5254.4,98.6,49.222,48.931,1566,NA,NA
1983-03-01,89090,6896.561,98.1,10.3,1606,48.054,5243.3,98.2,49.073,48.709,1475,62.773,6835.558
1983-02-01,88917,NA,98,10.4,1699,47.6648,5218.8,98,49.011,48.646,1471,NA,NA
1983-01-01,88990,NA,97.9,10.4,1586,47.9518,5217.2,97.6,48.83,48.564,1426,NA,NA
1982-12-01,88771,6806.857,97.7,10.8,1303,47.0712,5200.2,97.2,48.498,48.338,1351,62.948,6762.848
1982-11-01,88786,NA,98,10.8,1372,47.4235,5176.1,97.3,48.344,48.265,1229,NA,NA
1982-10-01,88907,NA,98.1,10.4,1173,47.571,5156.3,97.5,48.166,48.121,1149,NA,NA
1982-09-01,89183,6804.139,97.7,10.1,1144,48.0164,5162.4,97.2,47.863,47.852,1042,62.553,6792.63
1982-08-01,89363,NA,97.7,9.8,1046,48.1582,5164.7,97.1,47.686,47.72,926,NA,NA
1982-07-01,89521,NA,97.5,9.8,1166,48.5887,5157,96.7,47.468,47.572,1044,NA,NA
1982-06-01,89865,6830.251,97,9.6,902,48.7588,5110.7,96.1,47.162,47.292,913,61.701,6819.127
1982-05-01,90107,NA,95.9,9.4,1025,48.8924,5139,95.4,46.927,46.951,953,NA,NA
1982-04-01,90150,NA,95,9.3,917,49.2266,5160.6,94.7,46.672,46.675,888,NA,NA
1982-03-01,90434,6799.233,94.7,9,931,49.6876,5110,93.9,46.488,46.651,891,61.23,6794.507
1982-02-01,90563,NA,94.7,8.9,866,50.0309,5110.8,93.8,46.286,46.531,808,NA,NA
1982-01-01,90565,NA,94.4,8.6,843,49.0358,5096.9,93.3,46.108,46.392,794,NA,NA
1981-12-01,90895,6906.529,94.1,8.5,910,50.053,5090.2,93,45.826,46.118,796,59.375,6848.681
1981-11-01,91171,NA,93.8,8.3,837,50.5914,5096.9,92.5,45.658,45.976,748,NA,NA
1981-10-01,91380,NA,93.4,7.9,873,51.1851,5093.8,92.1,45.393,45.73,731,NA,NA
1981-09-01,91477,6982.609,93.1,7.6,911,51.5692,5087.2,91.8,45.124,45.524,847,57.801,6919.623
1981-08-01,91565,NA,92.2,7.4,940,51.8156,5095.9,90.7,44.83,45.25,889,NA,NA
1981-07-01,91601,NA,91.5,7.2,1041,51.8727,5080.8,89.8,44.532,44.969,935,NA,NA
1981-06-01,91490,6899.98,90.5,7.5,1045,51.5247,5001.9,88.6,44.265,44.699,976,57.075,6821.736
1981-05-01,91296,NA,89.7,7.5,1140,51.2645,4974.8,87.8,44.045,44.522,1173,NA,NA
1981-04-01,91283,NA,89.1,7.2,1360,50.9711,4965.1,87,43.744,44.323,1190,NA,NA
1981-03-01,91210,6951.495,88.6,7.4,1306,51.2066,4979,86.4,43.466,44.13,1183,55.382,6818.901
1981-02-01,91105,NA,88,7.4,1246,50.9509,4965,85.9,43.226,43.825,1199,NA,NA
1981-01-01,91033,NA,87.2,7.5,1547,51.1668,4980.4,85.4,42.912,43.386,1221,NA,NA
1980-12-01,90943,6817.903,86.4,7.2,1482,51.4875,4999.8,84.9,42.544,42.973,1249,54.859,6770.22
1980-11-01,90747,NA,85.6,7.5,1510,51.1348,4976.5,83.9,42.289,42.696,1383,NA,NA
1980-10-01,90490,NA,84.7,7.5,1523,50.3058,4968.9,83,41.959,42.351,1366,NA,NA
1980-09-01,90213,6693.082,83.9,7.5,1471,49.6791,4930,82.1,41.616,42.014,1484,53.978,6616.294
1980-08-01,90099,NA,83.2,7.7,1436,48.8535,4908.7,81.3,41.228,41.629,1367,NA,NA
1980-07-01,89840,NA,82.6,7.8,1269,48.7001,4903.4,80.8,40.932,41.285,1259,NA,NA
1980-06-01,90101,6701.046,82.5,7.6,1196,49.0754,4860.6,81,40.646,40.967,1118,52.848,6567.002
1980-05-01,90420,NA,81.7,7.5,927,49.7086,4850.1,80.1,40.378,40.71,861,NA,NA
1980-04-01,90849,NA,80.9,6.9,1051,50.9746,4867.9,79.5,40.056,40.396,808,NA,NA
1980-03-01,90994,6842.024,80.1,6.3,1047,51.9834,4873.2,78.6,39.851,40.186,988,50.924,6674.98
1980-02-01,90883,NA,79,6.3,1350,52.1976,4904,77.5,39.485,39.699,1199,NA,NA
1980-01-01,90800,NA,78,6.3,1341,52.1712,4930.4,76.7,39.095,39.273,1280,NA,NA
1979-12-01,90672,6820.572,76.9,6,1498,51.9025,4896.6,75.7,38.801,38.866,1254,49.77,6680.643
1979-11-01,90573,NA,76,5.9,1524,51.8626,4886.8,74.8,38.524,38.542,1276,NA,NA
1979-10-01,90481,NA,75.2,6,1681,51.9405,4873.6,74,38.279,38.276,1481,NA,NA
1979-09-01,90327,6803.558,74.4,5.9,1832,51.5842,4876.5,73.3,38.002,37.967,1638,48.487,6654.585
1979-08-01,90300,NA,73.7,6,1778,51.5966,4881.1,72.7,37.744,37.635,1591,NA,NA
1979-07-01,90217,NA,73,5.7,1760,51.9231,4874.3,71.9,37.495,37.349,1534,NA,NA
1979-06-01,90108,6753.389,72.2,5.7,1913,52.008,4839.3,71.3,37.308,37.066,1640,47.371,6646.497
1979-05-01,89789,NA,71.4,5.6,1876,52.0022,4851.9,70.8,37.1,36.763,1684,NA,NA
1979-04-01,89417,NA,70.6,5.8,1748,51.5654,4874.6,70.3,36.78,36.386,1597,NA,NA
1979-03-01,89479,6746.176,69.9,5.8,1847,52.1613,4914.7,69.8,36.444,36.011,1720,46.222,6679.662
1979-02-01,89055,NA,69.2,5.9,1520,52.0053,4901.6,69.2,36.235,35.732,1492,NA,NA
1979-01-01,88808,NA,68.5,5.9,1630,51.7484,4881.8,68.5,36.118,35.542,1461,NA,NA
1978-12-01,88671,6734.069,67.9,6,2044,52.0449,4858.3,68,35.934,35.276,1818,44.656,6627.318
1978-11-01,88391,NA,67.5,5.9,2094,51.781,4834.2,67.6,35.794,35.112,1795,NA,NA
1978-10-01,87956,NA,67.1,5.8,1981,51.3902,4829.9,67.2,35.603,34.913,1781,NA,NA
1978-09-01,87621,6644.754,66.5,6,1970,51.0077,4816.9,66.7,35.343,34.638,1751,43.855,6563.753
1978-08-01,87483,NA,65.9,5.9,1996,50.8676,4815.4,66.1,35.141,34.442,1691,NA,NA
1978-07-01,87204,NA,65.5,6.2,2092,50.6512,4795.2,65.6,34.953,34.269,1786,NA,NA
1978-06-01,86950,6578.605,65,5.9,2070,50.7005,4771.3,65.2,34.749,34.082,1983,43.061,6516.4
1978-05-01,86509,NA,64.5,6,2075,50.3971,4771,64.7,34.556,33.861,1766,NA,NA
1978-04-01,86162,NA,63.9,6.1,2197,50.1546,4774.1,64.3,34.354,33.621,1948,NA,NA
1978-03-01,85460,6333.848,63.4,6.3,2032,49.1693,4757.6,63.8,34.133,33.368,1799,43.172,6325.827
1978-02-01,84948,NA,63,6.3,1738,48.2322,4718.4,63.4,33.949,33.153,1736,NA,NA
1978-01-01,84594,NA,62.7,6.4,1718,47.9744,4690.4,63.1,33.819,33,1740,NA,NA
1977-12-01,84410,6313.697,62.3,6.4,2142,48.6743,4710.8,62.7,33.618,32.806,1754,42.075,6288.213
1977-11-01,84173,NA,62,6.8,2042,48.6111,4691.1,62.3,33.445,32.648,1771,NA,NA
1977-10-01,83800,NA,61.6,6.8,2042,48.5177,4653.9,62,33.273,32.461,1758,NA,NA
1977-09-01,83532,6313.559,61.3,6.8,1949,48.4515,4620.3,61.8,33.113,32.311,1674,40.832,6252.151
1977-08-01,83075,NA,61.1,7,2020,48.2499,4595.2,61.5,32.973,32.19,1780,NA,NA
1977-07-01,82834,NA,60.8,6.9,2058,48.1927,4576.6,61.2,32.813,32.041,1687,NA,NA
1977-06-01,82488,6201.659,60.5,7.2,1893,48.1403,4547.3,61,32.611,31.875,1752,40.473,6139.214
1977-05-01,82088,NA,60.2,7,1971,47.7834,4528.4,60.6,32.417,31.698,1668,NA,NA
1977-04-01,81728,NA,60,7.2,1892,47.4185,4527.5,60.3,32.253,31.538,1660,NA,NA
1977-03-01,81391,6083.391,59.6,7.4,2063,46.9566,4520.6,60,32.094,31.356,1660,39.824,5998.526
1977-02-01,80988,NA,59.3,7.6,1943,46.3805,4458.1,59.7,31.958,31.199,1560,NA,NA
1977-01-01,80690,NA,58.7,7.5,1527,45.6487,4497.9,59.3,31.763,30.957,1466,NA,NA
1976-12-01,80448,6012.356,58.4,7.8,1804,45.9469,4506.9,58.9,31.571,30.778,1511,39.334,5932.679
1976-11-01,80240,NA,58.1,7.8,1641,45.4764,4489.8,58.7,31.401,30.607,1531,NA,NA
1976-10-01,79911,NA,57.9,7.7,1629,44.783,4449.8,58.5,31.258,30.469,1425,NA,NA
1976-09-01,79892,5969.089,57.6,7.6,1720,44.7817,4457.5,58.2,31.106,30.31,1481,38.626,5914.149
1976-08-01,79704,NA,57.3,7.8,1550,44.6538,4456.6,57.9,30.925,30.14,1309,NA,NA
1976-07-01,79547,NA,57,7.8,1401,44.3519,4447.6,57.6,30.748,29.975,1245,NA,NA
1976-06-01,79376,5936.515,56.7,7.6,1495,44.0988,4422.3,57.2,30.579,29.824,1188,37.924,5869.432
1976-05-01,79312,NA,56.4,7.4,1459,44.055,4418,57,30.456,29.695,1194,NA,NA
1976-04-01,79292,NA,56.1,7.7,1395,43.8709,4418,56.7,30.312,29.553,1132,NA,NA
1976-03-01,79048,5893.276,56,7.6,1421,43.6464,4412.2,56.5,30.195,29.486,1164,37.572,5832.79
1976-02-01,78816,NA,55.9,7.7,1538,43.5561,4399.1,56.2,30.095,29.442,1190,NA,NA
1976-01-01,78503,NA,55.8,7.9,1367,43.1271,4372,55.9,29.976,29.405,1195,NA,NA
1975-12-01,78017,5763.665,55.6,8.2,1321,42.5521,4343.8,55.5,29.823,29.293,1091,37.411,5714.18
1975-11-01,77685,NA,55.3,8.3,1360,41.9745,4339.7,55.2,29.643,29.132,1110,NA,NA
1975-10-01,77540,NA,54.9,8.4,1344,41.9223,4342.9,54.8,29.448,28.946,1096,NA,NA
1975-09-01,77228,5687.087,54.6,8.4,1264,41.7455,4324.8,54.5,29.302,28.779,1064,36.845,5657.136
1975-08-01,77153,NA,54.2,8.4,1260,41.2089,4314.3,54.2,29.144,28.637,994,NA,NA
1975-07-01,76770,NA,54,8.6,1226,40.791,4285.8,54,29.044,28.514,1020,NA,NA
1975-06-01,76521,5591.382,53.5,8.8,1087,40.3939,4352.9,53.8,28.866,28.271,946,36.648,5544.391
1975-05-01,76624,NA,53.1,9,1121,40.1391,4504.4,53.5,28.725,28.095,914,NA,NA
1975-04-01,76460,NA,53,8.8,1005,40.26,4258.5,53.3,28.604,27.984,866,NA,NA
1975-03-01,76648,5551.713,52.8,8.6,993,40.1811,4182,53,28.466,27.889,709,36.457,5498.836
1975-02-01,76918,NA,52.6,8.1,904,40.6296,4178.2,52.8,28.318,27.795,729,NA,NA
1975-01-01,77293,NA,52.3,8.1,1032,41.588,4175.7,52.3,28.119,27.645,726,NA,NA
1974-12-01,77652,5620.126,51.9,7.2,975,42.1667,4177.8,52,27.956,27.474,869,35.664,5562.075
1974-11-01,78265,NA,51.5,6.6,1026,43.7312,4177.1,51.6,27.76,27.259,783,NA,NA
1974-10-01,78630,NA,51,6,1070,45.2077,4199.5,51.2,27.559,27.056,824,NA,NA
1974-09-01,78610,5642.025,50.6,5.9,1150,45.3551,4185.7,50.7,27.345,26.863,840,35.022,5629.119
1974-08-01,78619,NA,49.9,5.5,1142,45.3423,4190,50.2,27.101,26.587,917,NA,NA
1974-07-01,78636,NA,49.3,5.5,1316,45.828,4195.7,49.5,26.843,26.312,1002,NA,NA
1974-06-01,78604,5695.859,49,5.4,1513,45.7552,4179.7,49,26.607,26.119,1086,33.667,5659.786
1974-05-01,78549,NA,48.6,5.1,1426,45.8299,4188.2,48.5,26.337,25.9,1138,NA,NA
1974-04-01,78382,NA,48.1,5.1,1607,45.4865,4192.4,47.9,26.086,25.647,1254,NA,NA
1974-03-01,78296,5682.353,47.8,5.1,1555,45.6093,4195.4,47.6,25.892,25.467,1440,32.711,5682.117
1974-02-01,78254,NA,47.3,5.2,1752,45.6029,4225.5,47.2,25.692,25.175,1360,NA,NA
1974-01-01,78100,NA,46.8,5.1,1451,45.7415,4257.6,46.9,25.529,24.885,1331,NA,NA
1973-12-01,78031,5731.632,46.3,4.9,1526,46.0553,4288.9,46.7,25.404,24.649,1288,31.91,5727.532
1973-11-01,77920,NA,45.9,4.8,1724,46.1781,4304.9,46.5,25.264,24.448,1402,NA,NA
1973-10-01,77607,NA,45.6,4.6,1677,45.9627,4298.1,46.3,25.143,24.249,1411,NA,NA
1973-09-01,77276,5677.738,45.2,4.8,1874,45.6148,4260.6,46,25.046,24.113,1704,31.084,5667.916
1973-08-01,77168,NA,45,4.8,2051,45.2482,4239,45.7,24.921,24.017,1809,NA,NA
1973-07-01,76913,NA,44.2,4.8,2123,45.3163,4252.8,45.5,24.805,23.744,1819,NA,NA
1973-06-01,76887,5707.755,44.2,4.9,2067,45.1372,4242.6,45.4,24.699,23.658,2051,30.267,5649.718
1973-05-01,76648,NA,43.9,4.9,2266,45.0922,4230.1,45.3,24.593,23.523,1931,NA,NA
1973-04-01,76455,NA,43.7,5,2084,44.7876,4222.3,45.1,24.498,23.408,1908,NA,NA
1973-03-01,76284,5646.286,43.4,4.9,2365,44.8444,4216.8,45,24.357,23.235,2062,29.863,5618.943
1973-02-01,76014,NA,43,5,2289,44.8299,4201.5,44.8,24.259,23.072,2226,NA,NA
1973-01-01,75617,NA,42.7,4.9,2481,44.1952,4170.5,44.6,24.183,22.951,2271,NA,NA
1972-12-01,75268,5509.926,42.5,5.2,2366,43.8725,4192.4,44.6,24.168,22.882,2419,29.754,5520.384
1972-11-01,74973,NA,42.4,5.3,2421,43.3834,4173.7,44.4,24.095,22.809,2234,NA,NA
1972-10-01,74674,NA,42.2,5.6,2485,42.8745,4127.9,44.4,24.032,22.741,2354,NA,NA
1972-09-01,74264,5419.184,42.1,5.5,2481,42.3429,4026.8,44.3,24.018,22.716,2393,29.454,5381.869
1972-08-01,74141,NA,41.9,5.6,2382,42.0158,4011.3,44.3,23.938,22.615,2263,NA,NA
1972-07-01,73709,NA,41.8,5.6,2252,41.4485,3974.4,44.1,23.888,22.549,2195,NA,NA
1972-06-01,73758,5368.485,41.7,5.7,2254,41.4898,3945.7,44,23.819,22.469,2183,29.236,5295.166
1972-05-01,73469,NA,41.6,5.7,2221,41.39,3933.2,43.9,23.772,22.434,2067,NA,NA
1972-04-01,73162,NA,41.5,5.7,2249,41.3843,3904.5,43.8,23.717,22.386,2139,NA,NA
1972-03-01,72944,5249.337,41.4,5.8,2334,40.9766,3906.2,43.6,23.662,22.351,2105,29.47,5228.109
1972-02-01,72648,NA,41.4,5.7,2390,40.6932,3889.9,43.6,23.615,22.319,2169,NA,NA
1972-01-01,72441,NA,41.2,5.8,2494,40.2751,3866.2,43.5,23.552,22.232,2238,NA,NA
1971-12-01,72109,5154.547,41.1,6,2295,39.3345,3885.9,43.3,23.452,22.141,2133,29.121,5153.41
1971-11-01,71847,NA,41,6,2182,38.8856,3866.2,43.2,23.379,22.054,2079,NA,NA
1971-10-01,71642,NA,40.9,5.8,2128,38.7213,3857.1,43.1,23.326,22.009,2026,NA,NA
1971-09-01,71614,5142.422,40.8,6,2041,38.4336,3844.7,43,23.289,21.975,1996,28.671,5089.04
1971-08-01,71373,NA,40.7,6.1,2158,37.819,3822,43,23.251,21.942,2004,NA,NA
1971-07-01,71315,NA,40.6,6,2083,38.0397,3808.6,42.9,23.218,21.879,2069,NA,NA
1971-06-01,71254,5100.447,40.5,5.9,2026,38.1505,3863.6,42.8,23.129,21.813,1903,28.552,5046.287
1971-05-01,71247,NA,40.3,5.9,2049,37.9911,3783.5,42.6,23.039,21.717,1972,NA,NA
1971-04-01,71036,NA,40.1,5.9,1986,37.7993,3768.3,42.4,22.939,21.626,1745,NA,NA
1971-03-01,70860,5072.996,40,6,1910,37.5883,3760.5,42.2,22.853,21.542,1759,28.22,5013.517
1971-02-01,70807,NA,39.9,5.9,1741,37.629,3748.2,42.2,22.78,21.471,1588,NA,NA
1971-01-01,70865,NA,39.9,5.9,1828,37.7008,3743.1,42.1,22.694,21.408,1643,NA,NA
1970-12-01,70792,4938.857,39.8,6.1,1893,37.4131,3686.5,42,22.605,21.363,1767,28.467,4915.506
1970-11-01,70409,NA,39.6,5.9,1647,36.5732,3669.8,41.8,22.492,21.269,1502,NA,NA
1970-10-01,70521,NA,39.4,5.5,1580,36.796,3675.4,41.5,22.376,21.185,1564,NA,NA
1970-09-01,70944,4992.357,39.2,5.4,1534,37.5471,3687.3,41.3,22.267,21.081,1426,27.93,4962.108
1970-08-01,70937,NA,39,5.1,1399,37.8077,3691.3,41.1,22.174,20.987,1394,NA,NA
1970-07-01,71053,NA,38.9,5,1517,37.8753,3679.6,40.9,22.098,20.932,1324,NA,NA
1970-06-01,71029,4946.77,38.8,4.9,1385,37.7825,3628.1,40.8,22.014,20.856,1322,27.916,4921.2
1970-05-01,71124,NA,38.6,4.8,1290,37.9051,3620.7,40.5,21.934,20.802,1328,NA,NA
1970-04-01,71348,NA,38.5,4.6,1264,37.9493,3635.5,40.4,21.857,20.736,1224,NA,NA
1970-03-01,71451,4939.759,38.3,4.4,1319,38.0472,3596.8,40.1,21.772,20.631,1132,27.884,4920.319
1970-02-01,71305,NA,38.1,4.2,1305,38.0966,3583,39.8,21.691,20.58,1118,NA,NA
1970-01-01,71176,NA,37.9,3.9,1085,38.1217,3571.8,39.6,21.608,20.499,1062,NA,NA
1969-12-01,71241,4947.104,37.7,3.5,1327,38.841,3552.9,39.4,21.537,20.426,1155,27.475,4953.738
1969-11-01,71086,NA,37.5,3.5,1229,38.9455,3546.5,39.2,21.457,20.332,1191,NA,NA
1969-10-01,71121,NA,37.3,3.7,1381,39.3161,3540.4,39.1,21.375,20.245,1216,NA,NA
1969-09-01,70914,4971.349,37.1,3.7,1507,39.3046,3532.1,38.9,21.284,20.176,1263,26.823,4964.122
1969-08-01,71008,NA,36.9,3.5,1358,39.3134,3524.2,38.7,21.199,20.093,1317,NA,NA
1969-07-01,70729,NA,36.8,3.5,1368,39.2233,3502.8,38.5,21.139,20.037,1278,NA,NA
1969-06-01,70636,4938.728,36.6,3.5,1528,39.0173,3478.5,38.3,21.041,19.95,1349,26.384,4930.791
1969-05-01,70328,NA,36.4,3.4,1583,38.6398,3454.2,38.1,20.969,19.854,1328,NA,NA
1969-04-01,70072,NA,36.3,3.4,1524,38.7864,3415.3,38.1,20.886,19.774,1441,NA,NA
1969-03-01,69905,4923.76,36.1,3.4,1561,38.9297,3420.3,37.8,20.805,19.687,1438,25.751,4900.955
1969-02-01,69699,NA,35.8,3.4,1705,38.6268,3414.2,37.6,20.709,19.595,1495,NA,NA
1969-01-01,69439,NA,35.7,3.4,1769,38.381100000000004,3413.4,37.3,20.638,19.546,1459,NA,NA
1968-12-01,69248,4847.885,35.6,3.4,1548,38.1503,3419.6,37.2,20.56,19.47,1389,25.607,4853.675
1968-11-01,68984,NA,35.4,3.4,1630,38.0302,3407.8,37.1,20.498,19.43,1436,NA,NA
1968-10-01,68721,NA,35.3,3.4,1569,37.5446,3395.1,36.9,20.422,19.364,1421,NA,NA
1968-09-01,68484,4828.892,35.1,3.4,1556,37.4702,3383.1,36.7,20.339,19.279,1464,25.047,4821.033
1968-08-01,68330,NA,35,3.5,1495,37.3288,3382.7,36.5,20.257,19.212,1357,NA,NA
1968-07-01,68126,NA,34.9,3.7,1512,37.2249,3378.3,36.4,20.178,19.134,1344,NA,NA
1968-06-01,67905,4791.758,34.7,3.7,1405,37.2821,3385.3,36.2,20.111,19.075,1300,24.657,4756.474
1968-05-01,67652,NA,34.5,3.5,1408,37.1457,3370.1,36,20.033,19.015,1297,NA,NA
1968-04-01,67556,NA,34.4,3.5,1554,36.7336,3356.4,35.9,19.957,18.945,1286,NA,NA
1968-03-01,67295,4713.013,34.3,3.7,1466,36.6805,3344.8,35.8,19.884,18.886,1370,24.488,4685.771
1968-02-01,67215,NA,34.2,3.8,1520,36.5664,3313.5,35.7,19.805,18.824,1342,NA,NA
1968-01-01,66804,NA,34.1,3.7,1380,36.4358,3289.7,35.5,19.72,18.748,1179,NA,NA
1967-12-01,66900,4618.812,34,3.8,1308,36.4751,3272.1,35.4,19.633,18.661,1315,24.381,4617.266
1967-11-01,66703,NA,33.9,3.9,1538,36.0864,3266.2,35.2,19.585,18.632,1297,NA,NA
1967-10-01,66225,NA,33.7,4,1491,35.5776,3246.6,35.1,19.523,18.57,1280,NA,NA
1967-09-01,66164,4584.246,33.6,3.8,1421,35.2902,3241.6,35,19.45,18.519,1279,24.123,4571.156
1967-08-01,66143,NA,33.5,3.8,1407,35.3476,3242,34.9,19.382,18.463,1229,NA,NA
1967-07-01,65888,NA,33.4,3.8,1364,34.6831,3230.4,34.7,19.322,18.405,1177,NA,NA
1967-06-01,65750,4541.28,33.3,3.9,1248,34.7623,3217.5,34.6,19.257,18.343,1169,23.924,4523.614
1967-05-01,65620,NA,33.1,3.8,1304,34.7666,3205.7,34.5,19.208,18.285,1076,NA,NA
1967-04-01,65466,NA,33.1,3.8,1091,35.0726,3199.2,34.4,19.165,18.249,1035,NA,NA
1967-03-01,65530,4538.498,33,3.8,1056,34.7449,3200.2,34.3,19.113,18.22,955,23.631,4498.858
1967-02-01,65429,NA,33,3.8,1123,34.9419,3176.3,34.2,19.084,18.209,907,NA,NA
1967-01-01,65407,NA,32.9,3.9,1067,35.3427,3170.2,34.2,19.05,18.188,995,NA,NA
1966-12-01,65199,4498.66,32.92,3.8,990,35.1768,3138,34.1,19.032,18.187,743,23.501,4472.761
1966-11-01,65019,NA,32.88,3.6,961,35.0957,3140.7,34,18.975,18.15,736,NA,NA
1966-10-01,64854,NA,32.85,3.7,843,35.3389,3126.3,34,18.927,18.123,739,NA,NA
1966-09-01,64643,4462.053,32.75,3.7,1046,35.0957,3116.2,33.8,18.865,18.075,774,23.335,4433.521
1966-08-01,64507,NA,32.65,3.8,1119,34.7715,3097.8,33.7,18.807,18.018,877,NA,NA
1966-07-01,64301,NA,32.45,3.8,1086,34.7445,3081.9,33.6,18.773,17.949,932,NA,NA
1966-06-01,64111,4424.581,32.38,3.8,1194,34.5553,3071.4,33.5,18.718,17.915,956,23.082,4403.178
1966-05-01,63712,NA,32.35,3.9,1265,34.3933,3058.6,33.4,18.657,17.87,1078,NA,NA
1966-04-01,63437,NA,32.28,3.8,1352,34.0691,3053.7,33.3,18.608,17.848,1145,NA,NA
1966-03-01,63192,4409.518,32.18,3.8,1394,34.015,3065.4,33.1,18.542,17.786,1234,22.562,4374.032
1966-02-01,62796,NA,32.08,3.8,1378,33.5557,3053.4,33.1,18.518,17.743,1159,NA,NA
1966-01-01,62529,NA,31.88,4,1370,33.3396,3040.7,33,18.473,17.67,1325,NA,NA
1965-12-01,62322,4304.731,31.85,4,1656,33.0154,3038.7,33,18.467,17.649,1315,22.479,4280.218
1965-11-01,61996,NA,31.75,4.1,1460,32.6101,3026.2,32.9,18.411,17.585,1306,NA,NA
1965-10-01,61719,NA,31.65,4.2,1452,32.475,3004.9,32.8,18.377,17.556,1279,NA,NA
1965-09-01,61490,4207.782,31.62,4.3,1482,32.1508,3019.7,32.8,18.384,17.55,1227,22.537,4188.585
1965-08-01,61228,NA,31.55,4.4,1432,32.0698,2942.8,32.7,18.362,17.542,1249,NA,NA
1965-07-01,60965,NA,31.58,4.4,1529,31.9347,2928.3,32.7,18.327,17.538,1237,NA,NA
1965-06-01,60690,4116.267,31.61,4.6,1488,31.6375,2898,32.7,18.309,17.525,1241,22.758,4130.313
1965-05-01,60491,NA,31.48,4.6,1478,31.3943,2893.8,32.7,18.314,17.474,1207,NA,NA
1965-04-01,60259,NA,31.38,4.8,1438,31.1512,2862.1,32.7,18.28,17.435,1162,NA,NA
1965-03-01,60003,4064.915,31.31,4.7,1423,31.0161,2859.1,32.6,18.258,17.408,1211,22.71,4078.297
1965-02-01,59800,NA,31.28,5.1,1433,30.6108,2849.6,32.6,18.248,17.385,1185,NA,NA
1965-01-01,59582,NA,31.28,4.9,1361,30.4217,2848.9,32.6,18.226,17.378,1264,NA,NA
1964-12-01,59421,3968.878,31.25,5,1484,30.0975,2843.4,32.5,18.201,17.359,1164,22.941,3989.3
1964-11-01,59218,NA,31.21,4.8,1486,29.7463,2816.3,32.5,18.176,17.334,1254,NA,NA
1964-10-01,58793,NA,31.12,5.1,1524,28.8547,2798.2,32.4,18.149,17.31,1230,NA,NA
1964-09-01,58903,3956.657,31.08,5.1,1455,29.2599,2799.1,32.3,18.143,17.299,1265,22.555,3951.328
1964-08-01,58619,NA,31.05,5,1569,29.1519,2788,32.3,18.135,17.273,1306,NA,NA
1964-07-01,58412,NA,31.02,4.9,1562,28.9627,2775.7,32.3,18.111,17.259,1304,NA,NA
1964-06-01,58219,3895.793,31.01,5.2,1550,28.7736,2762.6,32.3,18.093,17.237,1280,22.491,3896.095
1964-05-01,58089,NA,30.98,5.1,1467,28.6926,2753.5,32.2,18.08,17.213,1299,NA,NA
1964-04-01,57922,NA,30.95,5.3,1448,28.5305,2739.1,32.2,18.065,17.211,1264,NA,NA
1964-03-01,57897,3853.835,30.94,5.4,1517,28.0712,2724.4,32.2,18.048,17.198,1313,22.368,3839.313
1964-02-01,57753,NA,30.91,5.4,1820,28.0712,2661.2,32.2,18.031,17.188,1442,NA,NA
1964-01-01,57487,NA,30.94,5.6,1603,27.882,2652.8,32.2,17.997,17.163,1296,NA,NA
1963-12-01,57361,3774.264,30.88,5.5,1491,27.6389,2644,32.1,17.972,17.127,1423,22.575,3776.417
1963-11-01,57255,NA,30.78,5.7,1622,27.6929,2622.9,32,17.947,17.102,1357,NA,NA
1963-10-01,57283,NA,30.75,5.5,1779,27.5578,2617.3,32,17.93,17.078,1414,NA,NA
1963-09-01,57078,3749.681,30.72,5.5,1763,27.3687,2602.3,31.9,17.89,17.044,1413,22.303,3743.907
1963-08-01,56910,NA,30.75,5.4,1639,27.0985,2582.9,31.9,17.858,17.048,1310,NA,NA
1963-07-01,56794,NA,30.69,5.6,1614,27.0445,2572.6,31.8,17.842,17.025,1321,NA,NA
1963-06-01,56659,3669.02,30.61,5.6,1588,27.1526,2569.8,31.8,17.826,16.991,1345,22.62,3694.032
1963-05-01,56616,NA,30.51,5.9,1641,27.0715,2556.9,31.7,17.795,16.954,1350,NA,NA
1963-04-01,56580,NA,30.48,5.7,1689,26.7473,2547.1,31.7,17.763,16.927,1288,NA,NA
1963-03-01,56320,3628.306,30.51,5.7,1534,26.5042,2536.8,31.7,17.742,16.928,1258,22.677,3641.031
1963-02-01,56230,NA,30.48,5.9,1456,26.3421,2526.1,31.6,17.731,16.941,1212,NA,NA
1963-01-01,56115,NA,30.44,5.7,1244,26.0448,2541.1,31.5,17.711,16.923,1248,NA,NA
1962-12-01,56028,3589.128,30.38,5.5,1564,25.8557,2522.9,31.6,17.677,16.882,1236,22.518,3609.767
1962-11-01,56056,NA,30.38,5.7,1622,25.8557,2511.2,31.5,17.672,16.889,1236,NA,NA
1962-10-01,56041,NA,30.38,5.4,1533,25.7477,2504.3,31.5,17.659,16.876,1181,NA,NA
1962-09-01,55978,3577.362,30.42,5.6,1324,25.7206,2492,31.5,17.66,16.894,1223,22.484,3567.961
1962-08-01,55838,NA,30.28,5.7,1517,25.5585,2491.3,31.5,17.626,16.811,1200,NA,NA
1962-07-01,55746,NA,30.22,5.4,1450,25.5315,2488.9,31.4,17.623,16.787,1189,NA,NA
1962-06-01,55644,3533.947,30.21,5.5,1404,25.2884,2478.1,31.4,17.608,16.796,1154,22.699,3532.22
1962-05-01,55628,NA,30.24,5.5,1483,25.3424,2477.7,31.4,17.576,16.786,1142,NA,NA
1962-04-01,55602,NA,30.21,5.6,1524,25.3694,2476.3,31.3,17.551,16.775,1235,NA,NA
1962-03-01,55275,3502.298,30.17,5.6,1443,25.3154,2465.4,31.3,17.548,16.756,1134,22.457,3493.404
1962-02-01,55188,NA,30.11,5.5,1278,25.1803,2449.1,31.2,17.507,16.734,1194,NA,NA
1962-01-01,54891,NA,30.04,5.8,1361,24.775,2438.2,31.2,17.478,16.689,1122,NA,NA
1961-12-01,54872,3440.924,30.01,6,1365,24.9912,2444.3,31.2,17.458,16.658,1161,22.468,3451.565
1961-11-01,54742,NA,29.98,6.1,1385,24.775,2429.5,31.2,17.443,16.653,1152,NA,NA
1961-10-01,54522,NA,29.98,6.5,1415,24.3968,2407.2,31.1,17.44,16.652,1123,NA,NA
1961-09-01,54388,3374.742,29.98,6.7,1429,23.9375,2382,31.1,17.434,16.654,1098,22.495,3371.673
1961-08-01,54298,NA,29.94,6.6,1312,23.9645,2379.9,31.1,17.399,16.635,1159,NA,NA
1961-07-01,54123,NA,29.92,7,1335,23.7484,2379.8,31,17.381,16.621,1083,NA,NA
1961-06-01,53977,3311.181,29.84,6.9,1382,23.4782,2371.7,31,17.354,16.585,1070,22.708,3318.183
1961-05-01,53786,NA,29.84,7.1,1228,23.154,2347.6,30.9,17.328,16.577,1027,NA,NA
1961-04-01,53627,NA,29.81,7,1166,22.8028,2328.6,30.9,17.306,16.568,1002,NA,NA
1961-03-01,53659,3255.914,29.84,6.9,1312,22.3435,2323.9,30.9,17.282,16.578,1000,22.985,3263.104
1961-02-01,53557,NA,29.84,6.9,1226,22.2084,2314.1,30.8,17.276,16.587,961,NA,NA
1961-01-01,53683,NA,29.84,6.6,1183,22.2354,2304.5,30.8,17.259,16.571,969,NA,NA
1960-12-01,53742,3234.087,29.81,6.6,1063,22.2084,2282.4,30.7,17.255,16.569,951,23.077,3256.473
1960-11-01,53961,NA,29.78,6.1,1246,22.6407,2292.8,30.8,17.26,16.565,979,NA,NA
1960-10-01,54142,NA,29.75,6.1,1246,22.9649,2302.3,30.8,17.214,16.51,972,NA,NA
1960-09-01,54227,3276.133,29.61,5.5,1097,22.9919,2293.9,30.6,17.204,16.491,984,22.676,3274.245
1960-08-01,54272,NA,29.61,5.6,1344,23.235,2290.6,30.6,17.191,16.481,994,NA,NA
1960-07-01,54306,NA,29.55,5.5,1197,23.2621,2295.9,30.6,17.166,16.453,999,NA,NA
1960-06-01,54348,3260.177,29.61,5.4,1247,23.3431,2292.2,30.7,17.136,16.424,958,22.676,3274.123
1960-05-01,54475,NA,29.57,5.1,1271,23.6403,2290.1,30.6,17.125,16.417,1052,NA,NA
1960-04-01,54813,NA,29.54,5.2,1289,23.6673,2285,30.6,17.098,16.4,1016,NA,NA
1960-03-01,54454,3277.847,29.41,5.4,1109,23.8565,2276.3,30.6,17.067,16.34,955,22.178,3274.677
1960-02-01,54513,NA,29.41,4.8,1503,24.0726,2273.6,30.6,17.065,16.331,1088,NA,NA
1960-01-01,54274,NA,29.37,5.2,1460,24.2887,2273.2,30.5,17.033,16.314,1092,NA,NA
1959-12-01,54174,3205.79,29.41,5.3,1601,23.6673,2268.3,30.5,17.029,16.323,NA,22.222,3203.423
1959-11-01,53634,NA,29.35,5.8,1416,22.2894,2246.5,30.4,17.003,16.304,NA,NA,NA
1959-10-01,53358,NA,29.35,5.7,1355,22.1544,2230.4,30.4,16.972,16.294,NA,NA,NA
1959-09-01,53428,3196.683,29.25,5.5,1540,22.3165,2228.8,30.3,16.943,16.255,NA,21.941,3181.699
1959-08-01,53336,NA,29.18,5.2,1430,22.3435,2227.9,30.2,16.899,16.212,NA,NA,NA
1959-07-01,53804,NA,29.15,5.1,1547,23.127,2241,30.2,16.871,16.189,NA,NA,NA
1959-06-01,53681,3194.429,29.11,5,1503,23.6944,2244.6,30.2,16.832,16.155,NA,21.842,3208.047
1959-05-01,53550,NA,29.04,5.1,1498,23.6673,2237.1,30.1,16.783,16.109,NA,NA,NA
1959-04-01,53321,NA,28.98,5.2,1590,23.3161,2225,30,16.762,16.1,NA,NA,NA
1959-03-01,53014,3123.978,28.97,5.6,1620,22.8298,2210.7,30,16.719,16.068,NA,21.869,3122.864
1959-02-01,52688,NA,29,5.9,1667,22.5056,2198.1,29.9,16.701,16.057,NA,NA,NA
1959-01-01,52478,NA,29.01,6,1657,22.0733,2191.5,29.9,16.688,16.042,NA,NA,NA
1958-12-01,52085,3065.141,28.97,6.2,NA,21.7491,NA,29.9,NA,NA,NA,21.685,3058.325
1958-11-01,51944,NA,28.95,6.2,NA,21.7221,NA,29.8,NA,NA,NA,NA,NA
1958-10-01,51485,NA,28.91,6.7,NA,21.1007,NA,29.7,NA,NA,NA,NA,NA
1958-09-01,51506,2995.112,28.91,7.1,NA,20.8575,NA,29.7,NA,NA,NA,21.965,2988.806
1958-08-01,51233,NA,28.94,7.4,NA,20.6684,NA,29.6,NA,NA,NA,NA,NA
1958-07-01,51039,NA,28.89,7.5,NA,20.2631,NA,29.6,NA,NA,NA,NA,NA
1958-06-01,50914,2927.395,28.91,7.3,NA,19.9659,NA,29.6,NA,NA,NA,21.871,2920.767
1958-05-01,50914,NA,28.94,7.4,NA,19.4526,NA,29.5,NA,NA,NA,NA,NA
1958-04-01,51027,NA,28.94,7.4,NA,19.2635,NA,29.5,NA,NA,NA,NA,NA
1958-03-01,51299,2908.281,28.87,6.7,NA,19.5877,NA,29.5,NA,NA,NA,22.088,2912.058
1958-02-01,51576,NA,28.7,6.4,NA,19.8308,NA,29.4,NA,NA,NA,NA,NA
1958-01-01,52076,NA,28.64,5.8,NA,20.2631,NA,29.3,NA,NA,NA,NA,NA
1957-12-01,52384,2985.775,28.47,5.2,NA,20.6414,NA,29.3,NA,NA,NA,21.782,2978.458
1957-11-01,52558,NA,28.41,5.1,NA,21.0466,NA,29.3,NA,NA,NA,NA,NA
1957-10-01,52763,NA,28.32,4.5,NA,21.5599,NA,29.2,NA,NA,NA,NA,NA
1957-09-01,52934,3016.979,28.32,4.4,NA,21.8842,NA,29.1,NA,NA,NA,21.566,3012.858
1957-08-01,53128,NA,28.28,4.1,NA,22.0733,NA,29,NA,NA,NA,NA,NA
1957-07-01,53123,NA,28.19,4.2,NA,22.0733,NA,29,NA,NA,NA,NA,NA
1957-06-01,53067,2987.699,28.11,4.3,NA,21.9382,NA,28.9,NA,NA,NA,21.583,2999.968
1957-05-01,53150,NA,28,4.1,NA,21.8842,NA,28.8,NA,NA,NA,NA,NA
1957-04-01,53238,NA,27.93,3.9,NA,21.9652,NA,28.8,NA,NA,NA,NA,NA
1957-03-01,53156,2994.259,27.86,3.7,NA,22.2624,NA,28.7,NA,NA,NA,21.282,3002.53
1957-02-01,53097,NA,27.8,3.9,NA,22.2894,NA,28.6,NA,NA,NA,NA,NA
1957-01-01,52887,NA,27.67,4.2,NA,22.0733,NA,28.5,NA,NA,NA,NA,NA
1956-12-01,52929,2975.209,27.63,4.2,NA,22.1543,NA,NA,NA,NA,NA,21.223,2995.187
1956-11-01,52821,NA,27.51,4.3,NA,21.8301,NA,NA,NA,NA,NA,NA,NA
1956-10-01,52777,NA,27.51,3.9,NA,22.0192,NA,NA,NA,NA,NA,NA,NA
1956-09-01,52604,2927.034,27.35,3.9,NA,21.8301,NA,NA,NA,NA,NA,21.095,2943.78
1956-08-01,52631,NA,27.31,4.1,NA,21.3438,NA,NA,NA,NA,NA,NA,NA
1956-07-01,51955,NA,27.29,4.4,NA,20.5063,NA,NA,NA,NA,NA,NA,NA
1956-06-01,52586,2929.666,27.15,4.3,NA,21.1547,NA,NA,NA,NA,NA,20.772,2940.614
1956-05-01,52506,NA,27.03,4.3,NA,21.3438,NA,NA,NA,NA,NA,NA,NA
1956-04-01,52375,NA,26.93,4,NA,21.5329,NA,NA,NA,NA,NA,NA,NA
1956-03-01,52294,2905.656,26.89,4.2,NA,21.3708,NA,NA,NA,NA,NA,20.479,2910.857
1956-02-01,52167,NA,26.86,3.9,NA,21.3708,NA,NA,NA,NA,NA,NA,NA
1956-01-01,51975,NA,26.83,4,NA,21.56,NA,NA,NA,NA,NA,NA,NA
1955-12-01,51805,2916.985,26.87,4.2,NA,21.4249,NA,NA,NA,NA,NA,19.923,2908.155
1955-11-01,51592,NA,26.88,4.2,NA,21.3438,NA,NA,NA,NA,NA,NA,NA
1955-10-01,51429,NA,26.82,4.3,NA,21.2898,NA,NA,NA,NA,NA,NA,NA
1955-09-01,51266,2899.578,26.85,4.1,NA,20.9386,NA,NA,NA,NA,NA,19.673,2886.134
1955-08-01,51111,NA,26.72,4.2,NA,20.8035,NA,NA,NA,NA,NA,NA,NA
1955-07-01,50987,NA,26.76,4,NA,20.8305,NA,NA,NA,NA,NA,NA,NA
1955-06-01,50790,2860.942,26.71,4.2,NA,20.6684,NA,NA,NA,NA,NA,19.399,2848.763
1955-05-01,50512,NA,26.77,4.3,NA,20.6413,NA,NA,NA,NA,NA,NA,NA
1955-04-01,50248,NA,26.79,4.7,NA,20.3172,NA,NA,NA,NA,NA,NA,NA
1955-03-01,49962,2815.134,26.79,4.6,NA,20.074,NA,NA,NA,NA,NA,19.309,2791.761
1955-02-01,49644,NA,26.82,4.7,NA,19.6147,NA,NA,NA,NA,NA,NA,NA
1955-01-01,49496,NA,26.77,4.9,NA,19.3715,NA,NA,NA,NA,NA,NA,NA
1954-12-01,49331,2736.96,26.77,5,NA,18.9392,NA,NA,NA,NA,NA,19.554,2717.188
1954-11-01,49180,NA,26.78,5.3,NA,18.6961,NA,NA,NA,NA,NA,NA,NA
1954-10-01,48942,NA,26.72,5.7,NA,18.3989,NA,NA,NA,NA,NA,NA,NA
1954-09-01,48886,2684.434,26.81,6.1,NA,18.1828,NA,NA,NA,NA,NA,19.581,2660.775
1954-08-01,48826,NA,26.85,6,NA,18.1557,NA,NA,NA,NA,NA,NA,NA
1954-07-01,48835,NA,26.86,5.8,NA,18.1828,NA,NA,NA,NA,NA,NA,NA
1954-06-01,48895,2654.456,26.94,5.6,NA,18.1558,NA,NA,NA,NA,NA,19.776,2637.112
1954-05-01,48965,NA,26.93,5.9,NA,18.1017,NA,NA,NA,NA,NA,NA,NA
1954-04-01,49179,NA,26.86,5.9,NA,17.9936,NA,NA,NA,NA,NA,NA,NA
1954-03-01,49157,2651.566,26.93,5.7,NA,18.1017,NA,NA,NA,NA,NA,19.891,2632.372
1954-02-01,49382,NA,26.99,5.2,NA,18.2098,NA,NA,NA,NA,NA,NA,NA
1954-01-01,49469,NA,26.94,4.9,NA,18.1557,NA,NA,NA,NA,NA,NA,NA
1953-12-01,49703,2664.302,26.87,4.5,NA,18.2908,NA,NA,NA,NA,NA,19.764,2626.719
1953-11-01,49908,NA,26.85,3.5,NA,18.7501,NA,NA,NA,NA,NA,NA,NA
1953-10-01,50240,NA,26.95,3.1,NA,19.2094,NA,NA,NA,NA,NA,NA,NA
1953-09-01,50368,2705.258,26.89,2.9,NA,19.3715,NA,NA,NA,NA,NA,19.503,2680.569
1953-08-01,50489,NA,26.85,2.7,NA,19.7768,NA,NA,NA,NA,NA,NA,NA
1953-07-01,50536,NA,26.79,2.6,NA,19.8849,NA,NA,NA,NA,NA,NA,NA
1953-06-01,50519,2720.566,26.77,2.5,NA,19.6417,NA,NA,NA,NA,NA,19.38,2698.114
1953-05-01,50490,NA,26.7,2.5,NA,19.7228,NA,NA,NA,NA,NA,NA,NA
1953-04-01,50435,NA,26.69,2.7,NA,19.6147,NA,NA,NA,NA,NA,NA,NA
1953-03-01,50473,2699.699,26.63,2.6,NA,19.5337,NA,NA,NA,NA,NA,19.2,2679.47
1953-02-01,50339,NA,26.59,2.6,NA,19.3715,NA,NA,NA,NA,NA,NA,NA
1953-01-01,50144,NA,26.64,2.9,NA,19.2635,NA,NA,NA,NA,NA,NA,NA
1952-12-01,50166,2650.431,26.71,2.7,NA,19.2094,NA,NA,NA,NA,NA,19.146,2632.745
1952-11-01,49816,NA,26.69,2.8,NA,19.1014,NA,NA,NA,NA,NA,NA,NA
1952-10-01,49597,NA,26.69,3,NA,18.7231,NA,NA,NA,NA,NA,NA,NA
1952-09-01,49320,2566.153,26.63,3.1,NA,18.534,NA,NA,NA,NA,NA,19.07,2554.264
1952-08-01,48924,NA,26.69,3.4,NA,17.8856,NA,NA,NA,NA,NA,NA,NA
1952-07-01,48143,NA,26.68,3.2,NA,16.8049,NA,NA,NA,NA,NA,NA,NA
1952-06-01,48282,2547.762,26.53,3,NA,17.075,NA,NA,NA,NA,NA,18.745,2530.642
1952-05-01,48642,NA,26.47,3,NA,17.2372,NA,NA,NA,NA,NA,NA,NA
1952-04-01,48620,NA,26.46,2.9,NA,17.3993,NA,NA,NA,NA,NA,NA,NA
1952-03-01,48504,2542.286,26.39,2.9,NA,17.5614,NA,NA,NA,NA,NA,18.568,2515.668
1952-02-01,48522,NA,26.41,3.1,NA,17.5073,NA,NA,NA,NA,NA,NA,NA
1952-01-01,48296,NA,26.45,3.2,NA,17.3993,NA,NA,NA,NA,NA,NA,NA
1951-12-01,48314,2515.408,26.47,3.1,NA,17.2101,NA,NA,NA,NA,NA,18.469,2499.127
1951-11-01,48147,NA,26.32,3.5,NA,17.1021,NA,NA,NA,NA,NA,NA,NA
1951-10-01,48006,NA,26.16,3.5,NA,16.967,NA,NA,NA,NA,NA,NA,NA
1951-09-01,47954,2509.88,26.03,3.3,NA,16.994,NA,NA,NA,NA,NA,18.176,2477.294
1951-08-01,48012,NA,25.86,3.1,NA,16.8859,NA,NA,NA,NA,NA,NA,NA
1951-07-01,48061,NA,25.91,3.1,NA,17.048,NA,NA,NA,NA,NA,NA,NA
1951-06-01,48064,2459.196,25.93,3.2,NA,17.3182,NA,NA,NA,NA,NA,18.378,2434.614
1951-05-01,47952,NA,25.99,3,NA,17.3993,NA,NA,NA,NA,NA,NA,NA
1951-04-01,47861,NA,25.92,3.1,NA,17.4533,NA,NA,NA,NA,NA,NA,NA
1951-03-01,47873,2417.311,25.88,3.4,NA,17.4263,NA,NA,NA,NA,NA,17.923,2392.38
1951-02-01,47577,NA,25.83,3.4,NA,17.3452,NA,NA,NA,NA,NA,NA,NA
1951-01-01,47288,NA,25.38,3.7,NA,17.2371,NA,NA,NA,NA,NA,NA,NA
1950-12-01,46861,2384.92,24.98,4.3,NA,17.1831,NA,NA,NA,NA,NA,17.525,2380.081
1950-11-01,46776,NA,24.6,4.2,NA,16.8859,NA,NA,NA,NA,NA,NA,NA
1950-10-01,46706,NA,24.5,4.2,NA,16.9129,NA,NA,NA,NA,NA,NA,NA
1950-09-01,46438,2340.112,24.34,4.4,NA,16.8049,NA,NA,NA,NA,NA,17.129,2335.324
1950-08-01,46192,NA,24.2,4.5,NA,16.9129,NA,NA,NA,NA,NA,NA,NA
1950-07-01,45454,NA,24.07,5,NA,16.3996,NA,NA,NA,NA,NA,NA,NA
1950-06-01,45083,2253.045,23.88,5.4,NA,15.8863,NA,NA,NA,NA,NA,17.163,2249.556
1950-05-01,44718,NA,23.77,5.5,NA,15.427,NA,NA,NA,NA,NA,NA,NA
1950-04-01,44382,NA,23.65,5.8,NA,15.0757,NA,NA,NA,NA,NA,NA,NA
1950-03-01,43954,2186.365,23.64,6.3,NA,14.5894,NA,NA,NA,NA,NA,17.008,2160.503
1950-02-01,43297,NA,23.61,6.4,NA,14.1302,NA,NA,NA,NA,NA,NA,NA
1950-01-01,43526,NA,23.51,6.5,NA,14.0761,NA,NA,NA,NA,NA,NA,NA
1949-12-01,43522,2103.688,23.61,6.6,NA,13.833,NA,NA,NA,NA,NA,17.149,2077.303
1949-11-01,43242,NA,23.7,6.4,NA,13.5898,NA,NA,NA,NA,NA,NA,NA
1949-10-01,42942,NA,23.67,7.9,NA,13.2386,NA,NA,NA,NA,NA,NA,NA
1949-09-01,43780,2121.493,23.75,6.6,NA,13.7519,NA,NA,NA,NA,NA,17.107,2105.751
1949-08-01,43624,NA,23.7,6.8,NA,13.6168,NA,NA,NA,NA,NA,NA,NA
1949-07-01,43531,NA,23.7,6.7,NA,13.4817,NA,NA,NA,NA,NA,NA,NA
1949-06-01,43739,2099.814,23.92,6.2,NA,13.5087,NA,NA,NA,NA,NA,17.472,2094.488
1949-05-01,43984,NA,23.91,6.1,NA,13.5358,NA,NA,NA,NA,NA,NA,NA
1949-04-01,44236,NA,23.92,5.3,NA,13.7249,NA,NA,NA,NA,NA,NA,NA
1949-03-01,44240,2107.001,23.91,5,NA,13.8059,NA,NA,NA,NA,NA,17.617,2100.469
1949-02-01,44497,NA,23.91,4.7,NA,14.0761,NA,NA,NA,NA,NA,NA,NA
1949-01-01,44668,NA,24.01,4.3,NA,14.2112,NA,NA,NA,NA,NA,NA,NA
1948-12-01,45032,2136.44,24.05,4,NA,14.3463,NA,NA,NA,NA,NA,17.688,2142.972
1948-11-01,45192,NA,24.16,3.8,NA,14.4814,NA,NA,NA,NA,NA,NA,NA
1948-10-01,45245,NA,24.31,3.7,NA,14.6705,NA,NA,NA,NA,NA,NA,NA
1948-09-01,45294,2134.056,24.36,3.8,NA,14.5624,NA,NA,NA,NA,NA,17.592,2132.098
1948-08-01,45178,NA,24.43,3.9,NA,14.6705,NA,NA,NA,NA,NA,NA,NA
1948-07-01,45160,NA,24.4,3.6,NA,14.7245,NA,NA,NA,NA,NA,NA,NA
1948-06-01,45034,2121.899,24.15,3.6,NA,14.7245,NA,NA,NA,NA,NA,17.257,2130.367
1948-05-01,44796,NA,24.01,3.5,NA,14.5354,NA,NA,NA,NA,NA,NA,NA
1948-04-01,44379,NA,23.82,3.9,NA,14.2922,NA,NA,NA,NA,NA,NA,NA
1948-03-01,44683,2087.442,23.5,4,NA,14.2652,NA,NA,NA,NA,NA,16.984,2082.178
1948-02-01,44533,NA,23.67,3.8,NA,14.4274,NA,NA,NA,NA,NA,NA,NA
1948-01-01,44679,NA,23.68,3.4,NA,14.4003,NA,NA,NA,NA,NA,NA,NA
1947-12-01,44581,2056.508,23.41,NA,NA,14.3193,NA,NA,NA,NA,NA,16.665,2027.823
1947-11-01,44484,NA,23.06,NA,NA,14.2652,NA,NA,NA,NA,NA,NA,NA
1947-10-01,44411,NA,22.91,NA,NA,14.0761,NA,NA,NA,NA,NA,NA,NA
1947-09-01,44203,2024.834,22.84,NA,NA,13.941,NA,NA,NA,NA,NA,16.968,2008.558
1947-08-01,43960,NA,22.4,NA,NA,13.833,NA,NA,NA,NA,NA,NA,NA
1947-07-01,43743,NA,22.23,NA,NA,13.7519,NA,NA,NA,NA,NA,NA,NA
1947-06-01,43810,2029.024,22.08,NA,NA,13.833,NA,NA,NA,NA,NA,15.973,2006.266
1947-05-01,43638,NA,21.95,NA,NA,13.8329,NA,NA,NA,NA,NA,NA,NA
1947-04-01,43499,NA,22,NA,NA,13.7789,NA,NA,NA,NA,NA,NA,NA
1947-03-01,43607,2034.45,22,NA,NA,13.887,NA,NA,NA,NA,NA,15.975,2008.749
1947-02-01,43557,NA,21.62,NA,NA,13.8059,NA,NA,NA,NA,NA,NA,NA
1947-01-01,43535,NA,21.48,NA,NA,13.7249,NA,NA,NA,NA,NA,NA,NA
